Open Time,Open,High,Low,Close,Volume,RSI,Type
2024-07-11 19:00:00,57841.27,57849.41,57340.0,57378.01,1013.33939,,
2024-07-11 20:00:00,57378.0,57590.9,57205.45,57554.0,732.50048,100.0,Overbought
2024-07-11 21:00:00,57554.0,57636.0,57315.94,57460.02,416.48082,65.18872467311078,Bearish Crossover
2024-07-11 22:00:00,57460.02,57538.88,57150.0,57338.58,601.35614,44.963082190030825,
2024-07-11 23:00:00,57338.58,57399.88,57152.38,57339.89,569.4447,45.146669382765936,
2024-07-12 00:00:00,57339.89,57571.86,57150.01,57178.0,694.96356,31.96841023421824,
2024-07-12 01:00:00,57178.0,57346.97,56542.47,56950.01,1628.21195,22.655251725018857,Oversold
2024-07-12 02:00:00,56950.01,57419.22,56880.29,57332.88,824.41036,48.06387122791641,Bullish Crossover
2024-07-12 03:00:00,57332.88,57368.0,56852.94,56914.01,607.85729,35.356678490727845,
2024-07-12 04:00:00,56914.01,57067.75,56716.68,57018.0,536.27817,39.33828102325948,
2024-07-12 05:00:00,57018.01,57104.92,56942.0,57026.0,450.77894,39.62436554208184,
2024-07-12 06:00:00,57026.01,57416.13,57020.15,57210.0,882.62489,45.532433136736536,
2024-07-12 07:00:00,57210.01,57319.5,56836.29,57106.94,1039.70006,43.166497763929364,
2024-07-12 08:00:00,57106.95,57334.32,57028.87,57323.02,864.99665,48.749926118564794,
2024-07-12 09:00:00,57323.03,57325.6,56864.04,56949.99,611.58028,41.68085519922238,
2024-07-12 10:00:00,56950.0,57190.0,56767.05,57172.84,702.76133,42.724176898173454,
2024-07-12 11:00:00,57172.84,57278.0,57060.0,57203.54,963.18528,44.9829426309036,
2024-07-12 12:00:00,57203.54,57479.51,57000.0,57382.3,1765.76776,50.836458253616016,
2024-07-12 13:00:00,57382.29,58006.79,57355.8,57850.2,1948.59464,58.28428014376672,
2024-07-12 14:00:00,57850.2,58020.0,57688.9,57820.01,1408.25912,60.88783667821022,
2024-07-12 15:00:00,57820.0,58278.0,57775.27,58214.0,1581.77278,70.29338950451,Bullish Divergence
2024-07-12 16:00:00,58213.99,58428.91,57936.97,58116.01,1495.85528,63.8391042655538,Bearish Crossover
2024-07-12 17:00:00,58116.0,58317.12,57951.01,58161.82,718.93734,75.39967838459522,Overbought
2024-07-12 18:00:00,58161.82,58526.68,58065.0,58296.9,1034.84589,75.70715273534259,Overbought
2024-07-12 19:00:00,58296.9,58355.51,57500.0,57576.01,1662.86668,58.59302009480281,Bearish Crossover
2024-07-12 20:00:00,57576.01,57646.0,57150.06,57542.01,1140.2886,55.44219805725944,
2024-07-12 21:00:00,57542.0,57680.6,57502.0,57597.03,334.05137,58.16193638855673,
2024-07-12 22:00:00,57597.02,57874.29,57580.0,57792.01,466.50677,57.86581868314343,
2024-07-12 23:00:00,57792.01,57906.1,57716.0,57889.1,287.36191,67.3571758617504,Bearish Divergence
2024-07-13 00:00:00,57889.09,57926.5,57762.39,57835.58,314.73295,63.067052588409915,
2024-07-13 01:00:00,57835.57,57969.7,57807.94,57880.0,290.06439,63.265794386658605,
2024-07-13 02:00:00,57880.0,57958.38,57766.78,57946.43,516.37692,61.572799520783214,
2024-07-13 03:00:00,57946.43,57991.5,57786.65,57814.0,325.65898,49.13884976972563,Bearish Divergence
2024-07-13 04:00:00,57814.0,57852.13,57769.82,57775.86,280.96809,48.953687333810436,
2024-07-13 05:00:00,57775.86,58179.92,57756.63,58076.02,746.6456,46.57780908351346,
2024-07-13 06:00:00,58076.02,58216.08,58002.0,58038.55,327.94368,48.019371599230865,Bearish Divergence
2024-07-13 07:00:00,58038.55,58170.33,58013.29,58170.32,276.61767,50.20819045752914,Bullish Divergence
2024-07-13 08:00:00,58170.33,58198.46,57940.1,57949.93,340.85691,41.842564336463255,
2024-07-13 09:00:00,57950.2,58854.98,57900.57,58678.02,1451.98249,75.82137953334508,Overbought
2024-07-13 10:00:00,58678.02,58759.98,58346.58,58436.67,839.28392,69.10637861664246,Bearish Crossover
2024-07-13 11:00:00,58436.67,58599.0,58383.32,58534.0,433.05644,69.65476155514648,
2024-07-13 12:00:00,58534.0,58899.46,58434.38,58768.01,935.2401,70.14364732106021,Overbought
2024-07-13 13:00:00,58768.01,58830.0,58576.1,58617.72,603.25172,64.71483964779078,Bearish Crossover
2024-07-13 14:00:00,58617.71,58801.49,58479.48,58800.0,551.30624,68.51406763522446,
2024-07-13 15:00:00,58800.0,58869.16,58684.2,58830.63,846.87627,68.34647614415799,
2024-07-13 16:00:00,58830.62,58964.89,58601.55,58621.99,901.96693,62.35940255691593,Bearish Divergence
2024-07-13 17:00:00,58621.99,58708.0,58572.98,58708.0,290.84594,66.63837770234065,
2024-07-13 18:00:00,58708.0,58800.0,58573.61,58643.8,290.76001,65.99818625535477,
2024-07-13 19:00:00,58643.8,58738.44,58600.0,58624.38,208.46855,61.27440498708823,
2024-07-13 20:00:00,58624.38,58674.0,58554.69,58596.01,313.59678,61.504552621368866,
2024-07-13 21:00:00,58596.01,58690.0,58580.0,58686.0,153.91477,60.82906341873167,Bullish Divergence
2024-07-13 22:00:00,58686.0,59540.0,58288.19,59464.53,1825.76079,75.76604040637743,Bearish Divergence
2024-07-13 23:00:00,59464.53,59850.0,59133.26,59204.02,2291.56905,60.64105261454305,Bearish Crossover
2024-07-14 00:00:00,59204.01,59790.0,59194.01,59753.99,1173.60329,73.6912717881576,Overbought
2024-07-14 01:00:00,59753.98,59838.0,59436.27,59705.99,999.90268,71.45833714777447,Overbought
2024-07-14 02:00:00,59705.99,59750.0,59279.99,59356.0,587.86826,60.327100669867875,Bearish Crossover
2024-07-14 03:00:00,59356.0,59590.12,59340.0,59466.15,468.07977,65.11442303923843,
2024-07-14 04:00:00,59466.16,60100.0,59418.68,59950.0,1499.69939,68.49909595722369,
2024-07-14 05:00:00,59950.0,60296.0,59802.35,60265.38,1621.60942,71.14273167482563,Overbought
2024-07-14 06:00:00,60265.39,60324.61,59786.69,59875.99,1046.3647,67.5445469197708,Bearish Crossover
2024-07-14 07:00:00,59876.0,60124.01,59823.56,60062.01,618.86151,68.42807252495398,
2024-07-14 08:00:00,60062.01,60400.0,60062.0,60202.0,1010.41056,70.77843800339238,Overbought
2024-07-14 09:00:00,60201.99,60359.57,60128.63,60186.01,662.72704,70.84324356068808,Overbought
2024-07-14 10:00:00,60186.0,60236.35,59905.71,59920.51,655.68711,66.6258290947616,Bullish Divergence
2024-07-14 11:00:00,59920.51,60120.86,59904.0,60099.1,611.05999,67.35202094374563,
2024-07-14 12:00:00,60099.1,60110.7,59577.77,59583.86,939.21214,51.566598487096236,
2024-07-14 13:00:00,59583.86,59800.0,59581.34,59701.93,741.74521,56.79067572617453,
2024-07-14 14:00:00,59701.92,60236.13,59466.67,60012.0,913.33476,53.76521716288754,
2024-07-14 15:00:00,60012.0,60148.0,59876.0,60084.0,592.00717,55.478040594395196,Bearish Divergence
2024-07-14 16:00:00,60084.0,60119.12,59894.16,60107.33,482.69354,62.02678345610958,
2024-07-14 17:00:00,60107.32,60184.99,59918.01,60005.56,452.33207,58.657738372298276,
2024-07-14 18:00:00,60005.56,60072.28,59935.42,60020.11,192.42084,51.3248850103368,
2024-07-14 19:00:00,60020.11,60020.11,59900.0,59915.99,193.50151,42.82457704045381,Bearish Divergence
2024-07-14 20:00:00,59916.0,60400.0,59880.0,60084.0,721.80568,54.69919801197337,
2024-07-14 21:00:00,60084.0,61420.69,60026.0,61276.36,2649.79086,68.85876773129493,
2024-07-14 22:00:00,61276.36,61380.84,60756.65,60861.4,1326.64723,59.43466416372878,
2024-07-14 23:00:00,60861.4,61176.32,60698.22,60797.91,1016.97434,58.63762895038481,
2024-07-15 00:00:00,60797.91,61324.01,60632.3,61211.99,1116.6699,67.49669434027697,
2024-07-15 01:00:00,61212.0,61800.0,61180.0,61390.0,2370.52915,67.49158550267475,
2024-07-15 02:00:00,61389.99,62610.0,61300.87,62482.0,3372.85532,83.9613576387098,Bearish Divergence
2024-07-15 03:00:00,62482.0,62796.01,62322.0,62647.87,1442.33991,84.1390435310641,Overbought
2024-07-15 04:00:00,62647.87,62832.77,62433.01,62610.0,1234.8639,82.13421663261106,Overbought
2024-07-15 05:00:00,62610.0,62968.15,62534.0,62799.99,1119.63548,82.64089356577827,Overbought
2024-07-15 06:00:00,62800.0,62999.0,62706.01,62870.02,1075.81654,82.83358409929845,Overbought
2024-07-15 07:00:00,62870.02,63084.0,62746.0,62840.12,1412.86329,84.27322235226984,Overbought
2024-07-15 08:00:00,62840.12,63243.71,62778.81,62879.54,1317.62151,84.36724028931933,Bullish Divergence
2024-07-15 09:00:00,62879.53,62900.0,62542.02,62637.64,1221.24083,81.66262980206574,Overbought
2024-07-15 10:00:00,62637.63,62810.0,62413.5,62535.96,828.07073,78.97229390579366,Overbought
2024-07-15 11:00:00,62535.95,62603.53,62290.0,62454.0,858.23855,68.86542183034518,Bearish Crossover
2024-07-15 12:00:00,62454.0,62809.99,62444.67,62616.0,976.56222,80.58712781535466,Overbought
2024-07-15 13:00:00,62616.01,62981.0,62482.59,62908.01,1654.66589,84.06991914025167,Overbought
2024-07-15 14:00:00,62908.01,63236.28,62731.48,63218.06,1666.73384,83.51616772869897,Overbought
2024-07-15 15:00:00,63218.06,63328.0,62864.32,63026.0,2268.0699,77.20554487584567,Bearish Divergence
2024-07-15 16:00:00,63026.01,63606.96,62852.0,63411.77,2473.08305,70.20791041986347,Overbought
2024-07-15 17:00:00,63411.77,63730.0,63079.65,63081.97,2106.78746,58.80727467497691,Bearish Divergence
2024-07-15 18:00:00,63081.97,63614.83,62993.33,63499.0,1536.35808,65.63159375439596,
2024-07-15 19:00:00,63498.99,63820.15,63200.19,63342.0,2533.20337,59.64221290040251,
2024-07-15 20:00:00,63342.0,63777.0,63251.65,63731.36,1023.74966,63.75968868412828,
2024-07-15 21:00:00,63731.36,63780.0,63495.71,63532.44,788.6113,60.49300385576065,
2024-07-15 22:00:00,63532.44,64782.12,63508.0,64343.6,2882.0835,67.98290220355227,
2024-07-15 23:00:00,64343.6,64900.0,64225.19,64724.14,1410.32482,74.78417044002158,Overbought
2024-07-16 00:00:00,64724.06,64955.49,64436.2,64611.44,1835.35302,74.58889762958626,Overbought
2024-07-16 01:00:00,64611.44,64860.0,64467.23,64848.08,932.36523,77.36066413107096,Overbought
2024-07-16 02:00:00,64848.07,64848.08,64541.35,64819.91,883.67648,75.98209001676426,Overbought
2024-07-16 03:00:00,64819.67,64863.98,64599.59,64752.14,807.74601,72.9542416298853,Overbought
2024-07-16 04:00:00,64752.14,64993.95,64473.68,64487.01,1148.75348,65.97348975969601,Bearish Crossover
2024-07-16 05:00:00,64487.01,64550.0,63464.9,63654.92,3311.7972,56.81818181818182,
2024-07-16 06:00:00,63654.92,63880.61,62794.0,62899.64,2579.1421,44.85977368671449,
2024-07-16 07:00:00,62899.64,63333.19,62721.79,62895.01,2873.61596,47.99244913474301,
2024-07-16 08:00:00,62895.01,63091.39,62373.24,62820.67,2185.57004,42.13754685620099,Bullish Divergence
2024-07-16 09:00:00,62820.67,63259.12,62686.25,63187.54,1494.98117,48.292731452825194,
2024-07-16 10:00:00,63187.53,63660.0,63088.83,63443.54,1171.44908,46.72204708626408,
2024-07-16 11:00:00,63443.55,63872.2,63146.45,63746.11,1428.01869,52.37733900918802,Bearish Divergence
2024-07-16 12:00:00,63746.11,64265.33,63601.02,63743.31,1785.10099,41.85612381394264,
2024-07-16 13:00:00,63743.3,64100.0,63400.01,63419.99,1760.41084,32.02813431046411,
2024-07-16 14:00:00,63419.99,63898.71,63063.83,63836.09,1780.20422,40.139786505108404,
2024-07-16 15:00:00,63836.09,64960.86,63799.0,64878.24,3605.09775,50.31833015988276,
2024-07-16 16:00:00,64878.24,65200.0,64207.96,64500.0,3372.18128,46.85579159041452,
2024-07-16 17:00:00,64500.0,64642.79,64111.56,64547.52,1173.38419,47.98087246202908,
2024-07-16 18:00:00,64547.52,64922.32,64405.1,64795.44,1240.51718,53.053865179619905,
2024-07-16 19:00:00,64795.43,65178.83,64597.13,65165.43,2145.16352,66.4624988828898,
2024-07-16 20:00:00,65165.42,65182.99,64612.16,64651.82,1102.92271,70.15825828451514,Overbought
2024-07-16 21:00:00,64651.82,64831.33,64479.14,64500.01,752.97687,67.86016326748626,Bullish Divergence
2024-07-16 22:00:00,64500.0,64623.21,64115.0,64616.92,1095.61568,69.80076325948399,
2024-07-16 23:00:00,64616.92,65388.97,64616.91,65043.99,2064.48546,70.1963224623097,Overbought
2024-07-17 00:00:00,65044.0,65603.12,64932.31,65505.41,1682.12259,71.47141580737407,Overbought
2024-07-17 01:00:00,65505.41,66128.63,65440.3,65670.19,2126.40166,70.62852192707844,Overbought
2024-07-17 02:00:00,65670.18,65895.0,65541.05,65612.86,1094.76663,69.81223652390655,Bearish Divergence
2024-07-17 03:00:00,65612.85,65792.87,65375.33,65701.66,974.48649,75.4443366453671,Overbought
2024-07-17 04:00:00,65701.66,65855.94,65546.32,65830.0,853.1448,73.76027493571094,Overbought
2024-07-17 05:00:00,65830.0,65993.14,65600.0,65624.01,932.95522,61.09865971372694,Bearish Divergence
2024-07-17 06:00:00,65624.0,65790.0,65454.17,65575.87,1094.28692,67.7557985628607,
2024-07-17 07:00:00,65575.87,65575.87,65198.62,65258.0,1506.6382,60.7649137267499,Bullish Divergence
2024-07-17 08:00:00,65258.01,65477.54,64807.49,65179.63,1707.68187,56.13637743057656,
2024-07-17 09:00:00,65179.62,65500.0,65078.0,65331.98,821.75646,52.85894280054522,
2024-07-17 10:00:00,65331.99,65355.9,65100.0,65120.02,501.31591,58.965432722871896,Bearish Divergence
2024-07-17 11:00:00,65120.02,65144.76,64560.0,64723.73,1577.93489,53.917187861129996,Bullish Divergence
2024-07-17 12:00:00,64723.73,65014.0,64571.91,64730.72,1096.43881,52.07233128164044,
2024-07-17 13:00:00,64730.73,65339.86,64537.41,65141.95,1786.09141,51.79423120599589,Bearish Divergence
2024-07-17 14:00:00,65141.95,65232.78,64660.0,65032.09,1473.26318,40.04919480301042,Bearish Divergence
2024-07-17 15:00:00,65032.1,65400.0,64628.0,64724.01,1860.44398,31.238499365482213,
2024-07-17 16:00:00,64724.01,64766.99,63854.0,64242.0,3348.62571,26.735748129845078,Oversold
2024-07-17 17:00:00,64242.01,64411.76,63913.08,64278.83,1056.04532,25.420221054413616,Oversold
2024-07-17 18:00:00,64278.83,64573.31,64214.01,64504.0,785.8051,27.83453800223326,Bearish Divergence
2024-07-17 19:00:00,64504.0,64756.02,64450.0,64585.78,702.59596,31.89300052669583,Bullish Crossover
2024-07-17 20:00:00,64585.78,64672.89,64503.99,64510.31,432.30744,31.59184040134612,
2024-07-17 21:00:00,64510.31,64558.03,64058.0,64318.0,880.28681,33.02452414490553,
2024-07-17 22:00:00,64318.0,64448.99,64080.0,64269.2,718.08274,33.381037044609045,Bullish Divergence
2024-07-17 23:00:00,64269.19,64371.87,64084.15,64087.99,554.05144,27.52900118858794,Bullish Divergence
2024-07-18 00:00:00,64087.99,64532.7,63910.0,64443.54,1114.17973,38.382939847093354,Bullish Crossover
2024-07-18 01:00:00,64443.53,64678.99,64365.3,64678.99,628.78339,49.186764288882166,
2024-07-18 02:00:00,64678.98,65133.3,64245.95,64701.35,1560.03337,49.46911004985335,
2024-07-18 03:00:00,64701.34,64959.99,64626.01,64865.08,768.28276,44.50351582817516,
2024-07-18 04:00:00,64865.09,64879.99,64534.38,64574.0,588.34235,41.5163176940771,Bearish Divergence
2024-07-18 05:00:00,64574.0,64860.18,64402.35,64756.77,652.71243,50.636235104019285,
2024-07-18 06:00:00,64756.76,65061.5,64712.49,65000.01,1188.1572,66.22626565343037,
2024-07-18 07:00:00,65000.01,65036.0,64653.44,64668.0,521.3573,57.39605386688352,
2024-07-18 08:00:00,64668.0,64950.0,64640.0,64936.9,582.0201,58.092617379405226,
2024-07-18 09:00:00,64936.89,64943.32,64725.0,64865.99,430.49279,55.25961130569598,
2024-07-18 10:00:00,64865.98,64865.99,64494.27,64609.99,690.00947,51.752264161557065,
2024-07-18 11:00:00,64609.99,64763.98,64441.94,64758.0,691.93426,57.8570867350947,
2024-07-18 12:00:00,64758.0,65011.99,64726.33,64850.66,821.59082,60.22300519009245,
2024-07-18 13:00:00,64850.66,65111.29,64505.6,64594.2,992.6134,58.670562804671164,
2024-07-18 14:00:00,64594.2,64708.09,63701.0,63995.4,2510.12184,42.914513752300536,
2024-07-18 15:00:00,63995.4,63995.4,63400.0,63538.12,2643.53292,33.14421977359578,
2024-07-18 16:00:00,63538.12,63904.0,63333.0,63904.0,1705.4132,39.305153538480596,
2024-07-18 17:00:00,63904.0,63958.51,63508.0,63555.52,926.97908,33.26432339590235,
2024-07-18 18:00:00,63555.52,63666.0,63335.99,63520.01,649.5109,35.589062897364244,
2024-07-18 19:00:00,63520.01,63753.05,63238.48,63555.0,873.77287,32.87652495062889,Bullish Divergence
2024-07-18 20:00:00,63555.0,63842.91,63438.21,63826.01,470.92587,33.403545477678236,Bearish Divergence
2024-07-18 21:00:00,63826.01,63905.73,63751.36,63850.0,358.86578,37.333069051807456,
2024-07-18 22:00:00,63849.99,64122.43,63714.0,64032.0,872.90778,35.599844683925426,
2024-07-18 23:00:00,64032.0,64090.0,63956.5,63987.92,326.18289,35.9064571529461,Bearish Divergence
2024-07-19 00:00:00,63987.92,64030.94,63551.11,63600.0,716.10287,34.44767128518944,Bullish Divergence
2024-07-19 01:00:00,63599.99,63858.85,63300.67,63816.0,782.09534,35.79211235995727,
2024-07-19 02:00:00,63815.99,63940.0,63643.76,63828.0,583.55442,34.190885481078325,
2024-07-19 03:00:00,63828.0,64368.62,63813.98,64325.0,1080.21154,46.12655182535528,Bearish Divergence
2024-07-19 04:00:00,64324.99,64383.9,64141.91,64141.92,487.34435,52.394728067938836,
2024-07-19 05:00:00,64141.91,64249.32,64088.75,64164.0,538.72612,61.92597617396205,Bullish Divergence
2024-07-19 06:00:00,64164.0,64486.0,64130.7,64210.01,971.74325,56.64040969554937,
2024-07-19 07:00:00,64210.0,64210.01,63600.0,63694.01,2024.3496,52.80154713210107,Bearish Divergence
2024-07-19 08:00:00,63694.01,63940.46,63409.01,63809.0,1125.87894,55.66391627305329,
2024-07-19 09:00:00,63809.0,64117.64,63648.28,63700.0,1132.17322,52.76173642749394,
2024-07-19 10:00:00,63700.0,64157.73,63640.2,63994.01,787.46136,53.17201377560268,
2024-07-19 11:00:00,63994.0,64182.77,63935.12,64116.0,444.49966,54.84312640195763,
2024-07-19 12:00:00,64115.99,64436.0,64043.37,64414.0,973.4921,56.673281717304405,
2024-07-19 13:00:00,64414.0,65330.24,64005.57,65135.9,3428.7062,66.21449838699655,
2024-07-19 14:00:00,65135.89,65888.0,65000.5,65747.04,3937.01703,78.52678571428565,Overbought
2024-07-19 15:00:00,65747.04,65849.65,65268.0,65836.77,2009.41375,77.78126056866643,Overbought
2024-07-19 16:00:00,65836.76,66510.0,65827.62,66419.43,3787.19198,80.79470670859084,Bearish Divergence
2024-07-19 17:00:00,66419.43,66829.82,66248.01,66755.42,2108.9201,80.03054431149263,Overbought
2024-07-19 18:00:00,66755.42,66804.0,66417.66,66787.99,1417.55076,83.95819376961916,Bearish Divergence
2024-07-19 19:00:00,66788.0,67386.0,66787.99,67157.26,3785.52712,85.27075880337286,Overbought
2024-07-19 20:00:00,67157.25,67221.17,66880.39,66931.8,1328.52392,80.77061349263246,Overbought
2024-07-19 21:00:00,66931.81,67352.44,66889.2,66892.28,1082.11169,90.52310686401965,Overbought
2024-07-19 22:00:00,66892.27,66992.01,66654.0,66721.19,627.58082,86.3811829609254,Bullish Divergence
2024-07-19 23:00:00,66721.19,66904.0,66616.19,66660.0,474.55125,87.42552825627394,Overbought
2024-07-20 00:00:00,66660.01,66822.22,66268.6,66419.88,1110.36312,81.09587425621007,Bullish Divergence
2024-07-20 01:00:00,66419.87,66700.1,66222.46,66361.99,897.74675,79.2711121768892,Overbought
2024-07-20 02:00:00,66361.99,66634.48,66323.8,66570.57,409.2246,78.77644371262139,Overbought
2024-07-20 03:00:00,66570.57,66750.0,66556.0,66602.01,376.67343,73.98230088495586,Bearish Divergence
2024-07-20 04:00:00,66602.0,66700.0,66475.48,66660.84,300.66163,68.24432784685804,Bearish Divergence
2024-07-20 05:00:00,66660.84,66660.84,66436.0,66537.32,423.0256,63.80051455205237,Bearish Divergence
2024-07-20 06:00:00,66537.31,66670.67,66500.0,66625.77,331.15889,55.04765352851418,
2024-07-20 07:00:00,66625.76,66775.11,66525.36,66562.28,816.70901,44.54844136342587,Bearish Divergence
2024-07-20 08:00:00,66562.27,66634.82,66458.83,66510.71,442.80044,42.25656549859793,
2024-07-20 09:00:00,66510.72,66733.09,66475.08,66582.79,393.06698,30.764182342973967,
2024-07-20 10:00:00,66582.78,66652.76,66485.67,66524.99,263.64261,34.65528036995356,Bearish Divergence
2024-07-20 11:00:00,66525.0,66554.42,66474.0,66483.69,254.04237,34.608807021508554,Bullish Divergence
2024-07-20 12:00:00,66483.69,66568.24,66470.78,66476.28,251.47887,39.47682762295096,
2024-07-20 13:00:00,66476.28,66652.21,66273.62,66539.89,512.04,44.84988294213974,Bullish Divergence
2024-07-20 14:00:00,66539.88,66700.0,66510.0,66590.0,316.8663,58.71444963527593,
2024-07-20 15:00:00,66589.99,66832.0,66589.99,66825.0,485.36172,70.07518275392655,Overbought
2024-07-20 16:00:00,66824.99,67054.0,66679.01,66804.91,730.32749,62.145744791127186,Bearish Crossover
2024-07-20 17:00:00,66804.91,67598.0,66762.0,67403.01,2251.21795,76.153223278655,Overbought
2024-07-20 18:00:00,67403.01,67577.57,67218.52,67467.99,641.26719,76.2486097651406,Overbought
2024-07-20 19:00:00,67467.99,67506.55,67137.78,67224.0,516.60219,70.7083318254744,Overbought
2024-07-20 20:00:00,67224.0,67430.01,67223.99,67339.28,289.57206,71.1747912227492,Overbought
2024-07-20 21:00:00,67339.28,67342.7,66790.9,67092.41,762.00279,64.18833202190388,Bearish Crossover
2024-07-20 22:00:00,67092.4,67300.0,66861.99,67114.0,1315.24065,66.40971379766188,
2024-07-20 23:00:00,67114.0,67200.0,67092.0,67139.96,295.8317,65.54525721364479,
2024-07-21 00:00:00,67139.97,67322.0,66962.0,67066.02,527.61119,64.96020970783573,Bearish Divergence
2024-07-21 01:00:00,67066.02,67436.22,67041.07,67276.33,368.52927,70.04410187938737,Overbought
2024-07-21 02:00:00,67276.32,67396.73,67270.0,67287.01,343.61504,70.46770781263407,Overbought
2024-07-21 03:00:00,67287.01,67375.0,67147.45,67171.33,233.27277,65.53296795206109,Bearish Crossover
2024-07-21 04:00:00,67171.33,67220.52,67001.0,67040.01,377.39601,60.644624111193544,
2024-07-21 05:00:00,67040.0,67100.0,66890.0,67046.0,354.37407,55.862753212576536,
2024-07-21 06:00:00,67046.0,67093.42,66611.09,66721.99,751.28918,48.105724859505685,Bearish Divergence
2024-07-21 07:00:00,66721.99,66820.0,66592.1,66701.99,474.97105,28.237302868496613,Oversold
2024-07-21 08:00:00,66702.0,66892.0,66680.0,66796.01,387.86022,29.508306701470545,Oversold
2024-07-21 09:00:00,66796.0,67017.08,66756.82,66976.0,385.32002,42.130182021273825,Bullish Crossover
2024-07-21 10:00:00,66976.0,67062.77,66798.86,66798.87,319.5598,33.49883052720912,
2024-07-21 11:00:00,66798.86,66879.99,66754.0,66879.99,243.08103,42.78337206300034,
2024-07-21 12:00:00,66879.99,66987.13,66840.0,66928.02,280.84166,43.79313567128133,
2024-07-21 13:00:00,66928.02,66961.91,66616.0,66760.01,475.72015,38.41778287191402,
2024-07-21 14:00:00,66760.01,67392.68,66682.0,67290.76,1109.38081,55.35850532178665,
2024-07-21 15:00:00,67290.75,67499.99,66971.48,67164.0,900.1294,47.210564740823116,
2024-07-21 16:00:00,67164.0,67590.0,66952.21,67554.0,1210.47045,55.57900543712213,
2024-07-21 17:00:00,67553.99,67713.0,66484.55,66648.01,1990.52655,41.779763251149774,
2024-07-21 18:00:00,66648.01,67336.01,65777.0,66864.42,4758.02219,47.31366711441438,
2024-07-21 19:00:00,66864.43,67712.99,66782.6,67422.02,1352.52988,54.921959673492495,
2024-07-21 20:00:00,67422.03,68209.16,67274.69,67723.91,2235.07539,63.191142007004125,
2024-07-21 21:00:00,67723.91,68298.02,67564.2,68193.99,1257.06915,67.5621147987889,
2024-07-21 22:00:00,68194.0,68366.66,67934.0,68012.0,782.76272,64.02283341982348,
2024-07-21 23:00:00,68012.01,68200.0,67888.77,68165.34,699.70391,63.80032953516961,
2024-07-22 00:00:00,68165.35,68474.55,68036.0,68188.01,951.33104,66.71793464656372,Bearish Divergence
2024-07-22 01:00:00,68188.01,68228.01,67762.0,67850.01,847.39629,60.99416980995196,
2024-07-22 02:00:00,67850.01,68199.31,67753.72,68070.62,577.49338,62.4626426125083,
2024-07-22 03:00:00,68070.63,68102.0,67836.62,67880.01,554.24338,62.156207263333805,
2024-07-22 04:00:00,67880.01,67996.01,67760.0,67923.98,398.15619,57.68485795840695,
2024-07-22 05:00:00,67923.99,67940.01,67520.0,67626.01,733.17693,55.3833139522689,Bearish Divergence
2024-07-22 06:00:00,67626.01,67743.66,67122.22,67412.0,1070.91049,48.27466380244658,
2024-07-22 07:00:00,67412.0,67412.0,67184.61,67236.0,748.40372,58.684844098489044,
2024-07-22 08:00:00,67236.01,67399.98,67030.0,67080.48,716.00307,53.24974580808957,Bullish Divergence
2024-07-22 09:00:00,67080.48,67427.22,66944.1,67427.22,691.8028,50.08350998907941,
2024-07-22 10:00:00,67427.22,67524.0,67293.53,67422.01,573.01226,44.64092987588388,Bearish Divergence
2024-07-22 11:00:00,67422.01,67599.0,67288.0,67516.01,490.35266,36.11061033171614,
2024-07-22 12:00:00,67516.01,67697.11,67366.02,67697.11,596.37152,43.546674864227946,Bearish Divergence
2024-07-22 13:00:00,67697.11,67952.39,66991.27,67098.0,1856.07368,31.505239956749747,
2024-07-22 14:00:00,67098.01,67328.0,66616.68,66712.0,1952.17813,27.284115917940426,Oversold
2024-07-22 15:00:00,66712.0,67190.01,66559.97,67063.87,1083.2501,37.95268978030606,Bullish Crossover
2024-07-22 16:00:00,67063.87,67314.43,66798.36,67052.0,760.69468,33.323073497534494,
2024-07-22 17:00:00,67052.01,67468.0,67010.01,67468.0,609.62069,43.71815318186125,
2024-07-22 18:00:00,67467.99,67666.0,67322.5,67445.49,909.06939,42.65648836217099,
2024-07-22 19:00:00,67445.49,68250.0,67366.63,68232.07,1630.44534,58.08830594791983,
2024-07-22 20:00:00,68232.08,68256.0,67822.0,68124.0,964.40564,59.778661641826254,
2024-07-22 21:00:00,68123.99,68166.01,67657.54,67841.6,769.4227,58.08117470602998,Bullish Divergence
2024-07-22 22:00:00,67841.61,67854.81,67502.59,67635.01,788.00706,57.30019352035908,
2024-07-22 23:00:00,67635.01,67642.0,67224.11,67532.01,1179.22189,51.47412577968711,
2024-07-23 00:00:00,67532.0,67750.98,67449.65,67490.01,567.30486,50.946785107627186,
2024-07-23 01:00:00,67490.01,67499.88,67183.98,67410.01,709.81321,48.518352855665206,
2024-07-23 02:00:00,67410.01,67700.0,67248.0,67647.65,637.91527,49.319415242016184,
2024-07-23 03:00:00,67647.65,67710.01,67439.22,67473.99,444.75372,55.85984620611632,
2024-07-23 04:00:00,67473.98,67526.01,66936.0,66936.0,1046.14415,53.33315477147058,Bullish Divergence
2024-07-23 05:00:00,66936.01,66945.48,66326.0,66428.0,1998.90677,40.95827728499484,
2024-07-23 06:00:00,66428.01,66772.01,66386.38,66519.34,1335.70301,42.59326210168582,
2024-07-23 07:00:00,66519.34,66644.01,66256.39,66576.0,1040.40214,36.21942628320007,
2024-07-23 08:00:00,66576.0,66999.0,66518.51,66888.0,1454.03116,42.0944261513983,Bearish Divergence
2024-07-23 09:00:00,66888.0,67166.01,66769.99,66938.2,1233.62913,26.80862504705044,Oversold
2024-07-23 10:00:00,66938.19,67024.01,66814.23,66870.01,857.8283,27.197445511643096,Bearish Divergence
2024-07-23 11:00:00,66870.0,66870.01,66454.0,66676.01,1246.21722,28.10086913390957,Bullish Divergence
2024-07-23 12:00:00,66676.0,66756.01,66358.02,66504.68,1312.7216,28.478185536231706,Bullish Divergence
2024-07-23 13:00:00,66504.69,66744.47,65962.0,66092.01,2529.47985,25.474166121648082,Bullish Divergence
2024-07-23 14:00:00,66092.0,67349.03,65988.0,67227.8,2536.71832,46.7463462936814,Bullish Crossover
2024-07-23 15:00:00,67227.81,67246.01,66333.33,66584.01,2278.69793,41.00856472309429,
2024-07-23 16:00:00,66584.01,66780.01,65850.0,65857.99,1844.07069,32.390921041238755,
2024-07-23 17:00:00,65858.0,66118.29,65744.94,65940.29,1593.59276,34.63312679849615,
2024-07-23 18:00:00,65940.29,66105.32,65778.0,65860.0,957.71218,38.13038048969899,
2024-07-23 19:00:00,65859.99,66062.01,65441.08,65536.01,2206.52582,39.743869823873055,Bullish Divergence
2024-07-23 20:00:00,65536.0,65998.01,65472.54,65836.01,1642.73626,42.50279226635476,Bullish Divergence
2024-07-23 21:00:00,65836.0,66049.99,65782.0,65872.0,579.4347,42.240816830373674,
2024-07-23 22:00:00,65872.0,66043.47,65790.0,65917.99,678.7204,38.643031927971876,Bearish Divergence
2024-07-23 23:00:00,65917.99,66054.0,65793.01,65936.01,673.09371,38.17717660326961,Bearish Divergence
2024-07-24 00:00:00,65936.0,66146.01,65780.0,65784.7,522.47964,37.44287271288375,Bearish Divergence
2024-07-24 01:00:00,65784.7,66114.21,65619.98,65666.01,636.47823,38.10695731221944,
2024-07-24 02:00:00,65666.01,65928.01,65476.84,65878.16,672.37334,42.692792162351424,Bullish Divergence
2024-07-24 03:00:00,65878.16,66111.5,65784.53,66052.71,601.26033,49.51468060303111,
2024-07-24 04:00:00,66052.71,66072.01,65791.42,65860.0,571.42118,27.979908558181435,Oversold
2024-07-24 05:00:00,65860.01,65914.49,65610.0,65814.01,673.83671,34.64912280701755,Bullish Crossover
2024-07-24 06:00:00,65814.01,65999.0,65762.01,65898.0,585.65432,51.07209655031953,Bullish Divergence
2024-07-24 07:00:00,65898.0,66080.01,65875.36,66078.0,597.02054,53.506444565533016,
2024-07-24 08:00:00,66078.0,66470.01,66008.0,66437.01,1358.59552,62.86595998019942,
2024-07-24 09:00:00,66437.01,66489.51,66301.0,66398.1,700.44001,72.02231634232712,Overbought
2024-07-24 10:00:00,66398.1,66600.0,66343.87,66491.53,712.98523,68.7212264528143,Bullish Divergence
2024-07-24 11:00:00,66491.53,66555.0,66340.31,66367.99,516.00526,63.490526521930896,Bearish Divergence
2024-07-24 12:00:00,66368.0,66577.0,66146.7,66215.1,711.92853,57.63704316801964,
2024-07-24 13:00:00,66215.09,66900.0,66200.0,66344.0,1375.29818,59.92159800006825,
2024-07-24 14:00:00,66344.0,67102.01,66282.74,66760.01,1965.47257,71.01263804685519,Overbought
2024-07-24 15:00:00,66760.01,66812.0,66093.99,66176.0,1849.25363,59.15243226170024,Bearish Crossover
2024-07-24 16:00:00,66176.0,66490.0,65963.17,66394.0,1874.8924,59.238020874374115,
2024-07-24 17:00:00,66394.0,66709.55,66315.44,66586.01,746.52051,59.49135046629165,
2024-07-24 18:00:00,66586.01,66650.0,65715.17,65754.0,1507.77635,48.463189027749564,
2024-07-24 19:00:00,65754.0,66102.0,65558.89,65652.0,1374.51802,47.688681802488695,
2024-07-24 20:00:00,65652.01,66066.66,65648.0,66044.01,592.92725,51.91476973192432,
2024-07-24 21:00:00,66044.01,66066.66,65130.0,65647.05,1510.33034,44.65281448448882,
2024-07-24 22:00:00,65647.05,65670.01,65250.0,65288.01,816.72775,35.74342634227675,
2024-07-24 23:00:00,65288.01,65470.0,65111.0,65376.0,608.36693,37.470579582229824,
2024-07-25 00:00:00,65376.01,65620.0,65269.4,65514.8,952.32582,38.158465824638576,
2024-07-25 01:00:00,65514.81,65514.81,64220.56,64478.0,4405.9622,31.240533367212862,
2024-07-25 02:00:00,64477.99,64482.0,63950.0,64208.01,2378.6624,30.53081464265395,
2024-07-25 03:00:00,64208.0,64288.0,63861.0,64093.59,1654.47865,28.10906508691535,Oversold
2024-07-25 04:00:00,64093.58,64288.0,63800.0,64220.0,1441.22498,23.816759269758435,Oversold
2024-07-25 05:00:00,64220.0,64348.94,64123.3,64263.01,868.15182,27.804708257434214,Bearish Divergence
2024-07-25 06:00:00,64263.01,64369.05,64086.43,64324.01,647.68953,25.07507615985739,Oversold
2024-07-25 07:00:00,64324.0,64390.0,64071.51,64134.0,1004.28015,20.460913876808576,Bearish Divergence
2024-07-25 08:00:00,64134.0,64419.71,63878.0,64352.01,1572.60803,30.17800336495644,Bullish Crossover
2024-07-25 09:00:00,64352.01,64480.0,64218.93,64306.71,604.3172,30.669732020978543,
2024-07-25 10:00:00,64306.71,64314.01,63973.46,64165.68,834.35878,20.91260758740964,Bullish Divergence
2024-07-25 11:00:00,64165.68,64284.01,64089.72,64096.0,1115.62453,23.271491543999943,Oversold
2024-07-25 12:00:00,64096.01,64400.0,63900.24,64124.0,1628.67274,27.357855628392045,Bullish Divergence
2024-07-25 13:00:00,64123.99,64360.0,63680.0,64050.01,1635.35293,24.065794363277433,Oversold
2024-07-25 14:00:00,64050.01,64851.01,63456.7,64835.0,3075.72043,39.386880823320766,Bullish Crossover
2024-07-25 15:00:00,64834.99,65005.0,64532.0,64790.88,1486.08773,57.07886115585793,
2024-07-25 16:00:00,64790.89,65170.0,64630.0,64868.0,1348.249,66.35995419143399,Bullish Divergence
2024-07-25 17:00:00,64868.0,65073.7,64764.0,65051.98,1284.16455,72.96480003833895,Overbought
2024-07-25 18:00:00,65051.98,65187.82,64388.46,64568.0,2044.36801,57.11883545671007,Bearish Crossover
2024-07-25 19:00:00,64568.0,65008.0,64401.73,64692.01,961.24821,58.494309406705106,
2024-07-25 20:00:00,64692.01,65298.01,64425.0,65298.01,1321.35545,65.86205548788027,
2024-07-25 21:00:00,65298.01,66000.0,65214.0,65838.0,1615.79585,74.91082392842515,Overbought
2024-07-25 22:00:00,65838.01,66175.49,65639.89,65644.0,838.73111,69.02116783807729,Bearish Crossover
2024-07-25 23:00:00,65644.01,65825.36,65630.0,65799.95,406.99924,71.290392490105,Overbought
2024-07-26 00:00:00,65799.95,66450.46,65722.63,66384.0,893.68777,78.08099527578187,Overbought
2024-07-26 01:00:00,66384.0,66570.01,66193.69,66430.01,1195.77266,79.72359972390528,Overbought
2024-07-26 02:00:00,66430.01,67198.99,66393.18,67014.01,2181.16059,82.23881629292816,Overbought
2024-07-26 03:00:00,67014.0,67480.0,66933.56,67042.01,1521.10366,83.72255534015588,Overbought
2024-07-26 04:00:00,67042.0,67117.28,66894.0,67075.83,809.06053,80.40450145589037,Overbought
2024-07-26 05:00:00,67075.83,67100.0,66870.82,66924.0,612.58402,78.12109451214684,Bearish Divergence
2024-07-26 06:00:00,66924.01,67160.0,66874.01,67062.01,697.81043,78.46679624146573,Overbought
2024-07-26 07:00:00,67062.01,67190.0,66879.99,66890.56,1281.2061,73.93298794616119,Overbought
2024-07-26 08:00:00,66890.56,67142.76,66890.56,67106.01,613.50309,85.52078755629701,Overbought
2024-07-26 09:00:00,67106.0,67498.0,67085.77,67296.01,1270.55004,85.78338683435204,Overbought
2024-07-26 10:00:00,67296.01,67410.0,67172.9,67304.01,678.93096,82.98734443655114,Overbought
2024-07-26 11:00:00,67304.0,67366.31,67152.0,67322.0,448.52207,79.46127946127949,Bearish Divergence
2024-07-26 12:00:00,67321.99,67410.0,67086.45,67314.01,630.5519,85.79794645345207,Bearish Divergence
2024-07-26 13:00:00,67314.01,67976.05,67170.0,67887.88,1995.48652,87.95587663199373,Bullish Divergence
2024-07-26 14:00:00,67887.88,68000.0,66892.0,67328.01,2379.19242,67.31308848288309,Bearish Crossover
2024-07-26 15:00:00,67328.0,67751.01,67286.0,67560.01,1225.53699,69.40060708448345,
2024-07-26 16:00:00,67560.0,67685.11,67366.79,67396.0,611.56316,57.66343403055025,
2024-07-26 17:00:00,67396.01,67600.0,67303.07,67372.0,529.20633,56.63085894329041,
2024-07-26 18:00:00,67372.0,67602.09,67336.08,67573.75,597.58976,59.37271762128128,
2024-07-26 19:00:00,67573.74,68144.01,67552.47,67990.0,1555.75712,68.24942478360899,
2024-07-26 20:00:00,67990.0,68000.01,67413.5,67435.17,884.14339,55.590478987014095,
2024-07-26 21:00:00,67435.16,68200.0,67419.81,67946.01,941.42178,64.35263880767494,
2024-07-26 22:00:00,67946.0,68086.02,67855.42,67926.0,459.37017,61.776693925737,
2024-07-26 23:00:00,67926.0,67976.1,67848.0,67907.99,230.64877,59.24603102658484,
2024-07-27 00:00:00,67908.0,67946.01,67808.01,67872.27,424.91488,58.514176810082986,
2024-07-27 01:00:00,67872.28,67874.0,67630.0,67657.99,301.13113,54.75444539724863,
2024-07-27 02:00:00,67657.99,68070.01,67657.99,68028.0,344.6505,59.16440976010481,
2024-07-27 03:00:00,68028.0,68081.57,67773.01,67798.0,475.53549,48.73464767793482,
2024-07-27 04:00:00,67797.99,67898.2,67782.73,67866.01,210.67744,58.79165413828725,
2024-07-27 05:00:00,67866.01,67998.05,67866.0,67895.21,253.3278,55.86645758369176,
2024-07-27 06:00:00,67895.21,68094.03,67886.46,68092.89,552.14178,62.054459470212024,Bearish Divergence
2024-07-27 07:00:00,68092.89,68295.39,68036.67,68036.68,899.43914,61.37060353086074,
2024-07-27 08:00:00,68036.68,68176.44,67892.24,67986.0,593.02191,57.43669116400232,
2024-07-27 09:00:00,67985.99,68217.22,67946.82,68217.21,444.66944,54.391906258577706,
2024-07-27 10:00:00,68217.2,68275.64,68082.99,68155.41,309.17712,67.20050055883021,Bearish Divergence
2024-07-27 11:00:00,68155.42,68212.0,68010.45,68209.88,487.137,58.05813264601907,Bullish Divergence
2024-07-27 12:00:00,68209.88,68471.79,68195.43,68400.0,965.28244,63.11275865884701,Bearish Divergence
2024-07-27 13:00:00,68400.0,69385.06,68399.99,69226.01,2533.40815,75.1972929571001,Overbought
2024-07-27 14:00:00,69226.01,69399.99,68794.46,68981.69,1478.17223,69.64270538243633,Bearish Crossover
2024-07-27 15:00:00,68981.69,69086.0,68583.69,68844.0,1218.5497,71.584146523453,Overbought
2024-07-27 16:00:00,68844.0,68979.32,68644.0,68684.01,610.23017,62.92686579516738,Bullish Divergence
2024-07-27 17:00:00,68684.01,68754.34,68428.18,68540.01,821.17611,65.13447472658359,
2024-07-27 18:00:00,68540.0,68990.03,68508.12,68542.76,841.42652,64.18091218835517,Bullish Divergence
2024-07-27 19:00:00,68542.76,68641.53,67658.68,68246.0,2998.73711,56.60947586191294,Bearish Divergence
2024-07-27 20:00:00,68246.0,68450.0,66650.0,67791.22,9441.78954,44.818073443979145,
2024-07-27 21:00:00,67791.21,69182.94,67596.0,68860.0,3685.95466,60.49253700909438,
2024-07-27 22:00:00,68860.01,68860.01,68502.6,68619.97,676.67595,57.70744837345695,
2024-07-27 23:00:00,68619.97,68619.97,67749.5,67896.5,1142.993,46.51778404636721,
2024-07-28 00:00:00,67896.49,68083.35,67260.54,67958.0,1184.2192,47.85641533486651,
2024-07-28 01:00:00,67958.0,68285.43,67916.0,68090.01,483.06066,48.719942078633686,
2024-07-28 02:00:00,68090.01,68149.45,67966.0,68149.45,260.89082,47.24762881932005,
2024-07-28 03:00:00,68149.44,68149.45,67940.94,67940.95,287.53753,33.66734281981279,Bearish Divergence
2024-07-28 04:00:00,67940.94,68024.18,67300.0,67338.0,750.45729,30.854600305172752,
2024-07-28 05:00:00,67338.0,67500.0,67066.66,67422.0,765.5315,33.22701794779849,
2024-07-28 06:00:00,67422.01,67590.82,67386.0,67486.01,363.16586,35.541808070519224,
2024-07-28 07:00:00,67486.0,67560.86,67309.15,67560.86,519.16465,37.98243912976244,
2024-07-28 08:00:00,67560.86,67564.48,67220.0,67380.0,403.65485,36.326712042032604,
2024-07-28 09:00:00,67380.0,67550.28,67329.6,67433.65,254.57758,39.867991408964606,
2024-07-28 10:00:00,67433.65,67686.39,67390.34,67560.01,441.61158,46.858909741034196,
2024-07-28 11:00:00,67560.01,68000.0,67560.01,67836.0,671.09227,32.26913513550949,
2024-07-28 12:00:00,67836.01,68123.32,67745.46,68000.01,530.60556,38.974960876369174,Bearish Divergence
2024-07-28 13:00:00,68000.01,68044.01,67861.27,67988.01,309.86124,52.17867465347372,
2024-07-28 14:00:00,67988.01,68024.99,67634.7,67746.0,602.6121,45.35218184369297,Bullish Divergence
2024-07-28 15:00:00,67746.0,67777.77,67577.63,67645.0,325.75611,40.10926241204117,
2024-07-28 16:00:00,67645.0,67753.26,67624.0,67680.01,249.9829,39.45173467553465,
2024-07-28 17:00:00,67680.01,67998.42,67680.0,67988.47,309.88669,51.02186516196743,Bearish Divergence
2024-07-28 18:00:00,67988.47,68318.43,67939.81,68236.01,608.47713,72.7950247493337,Overbought
2024-07-28 19:00:00,68236.0,68295.0,68084.58,68112.0,342.16948,67.16622880343938,Bearish Crossover
2024-07-28 20:00:00,68112.0,68164.76,67954.48,68007.99,221.81791,62.73271017094722,
2024-07-28 21:00:00,68008.0,68069.0,67801.62,68021.93,324.46082,61.591371898333236,
2024-07-28 22:00:00,68021.93,68253.59,67941.94,68010.24,421.43621,67.31733051965244,Bearish Divergence
2024-07-28 23:00:00,68010.23,68277.83,67956.0,68249.88,236.664,70.3480632407133,Bullish Divergence
2024-07-29 00:00:00,68249.88,68999.0,68168.0,68714.01,1541.58518,74.62192332639256,Overbought
2024-07-29 01:00:00,68714.01,68833.33,68349.49,68547.99,631.12401,65.93909924915106,Bearish Crossover
2024-07-29 02:00:00,68548.0,69635.14,68533.45,69559.0,2595.72315,75.30441783234443,Overbought
2024-07-29 03:00:00,69558.99,69800.0,69302.0,69347.67,1204.99131,70.72778827977365,Overbought
2024-07-29 04:00:00,69347.66,69475.65,69263.07,69368.0,752.39426,76.51956103750071,Overbought
2024-07-29 05:00:00,69367.99,69800.0,69367.99,69662.07,1284.50311,81.0204878828989,Overbought
2024-07-29 06:00:00,69662.07,69888.0,69551.0,69588.01,1097.84452,78.99484536082508,Overbought
2024-07-29 07:00:00,69588.01,69611.3,69446.0,69528.01,1011.61388,75.30656391981037,Overbought
2024-07-29 08:00:00,69528.01,69700.0,69375.0,69457.5,656.77325,71.31931233091935,Overbought
2024-07-29 09:00:00,69457.51,69618.9,69440.0,69520.0,713.20072,75.11379689216798,Overbought
2024-07-29 10:00:00,69520.0,69743.07,69378.8,69620.0,743.84688,78.79381115521079,Overbought
2024-07-29 11:00:00,69620.0,69838.62,69580.0,69580.01,900.06669,77.57390417940896,Overbought
2024-07-29 12:00:00,69580.01,69950.0,69396.74,69799.38,1451.28526,79.49494882886678,Overbought
2024-07-29 13:00:00,69799.37,70079.99,69088.0,69273.6,4339.27014,65.42165044741043,Bearish Crossover
2024-07-29 14:00:00,69273.59,69294.64,68071.98,68228.01,3026.68088,43.77012531533938,
2024-07-29 15:00:00,68228.01,68304.0,67668.34,68104.0,2569.35164,44.24667297300798,
2024-07-29 16:00:00,68103.99,68118.0,66800.0,66940.01,3974.77521,17.35671925674272,Bullish Divergence
2024-07-29 17:00:00,66940.01,67177.52,66428.0,67015.08,3084.77284,19.9041615164883,Oversold
2024-07-29 18:00:00,67015.09,67547.32,66940.0,67419.99,1330.02008,27.135227766236227,Oversold
2024-07-29 19:00:00,67419.99,67549.73,67242.99,67303.05,693.95142,21.109701375553826,Oversold
2024-07-29 20:00:00,67303.05,67392.01,67158.0,67369.99,469.94603,22.78903719697749,Oversold
2024-07-29 21:00:00,67370.0,67510.01,67030.0,67500.0,717.72731,25.54027031003905,Oversold
2024-07-29 22:00:00,67499.99,67553.66,67140.0,67227.36,460.75972,24.352882187067507,Oversold
2024-07-29 23:00:00,67227.35,67264.01,66600.0,66784.69,1215.08884,21.072736156145325,Oversold
2024-07-30 00:00:00,66784.68,66862.45,65862.0,66610.0,2915.26069,18.66280764585872,Oversold
2024-07-30 01:00:00,66610.01,66886.0,66060.06,66211.33,1208.75036,17.3658472316947,Oversold
2024-07-30 02:00:00,66211.32,66477.8,65958.57,66418.01,1133.36375,17.162174498260654,Oversold
2024-07-30 03:00:00,66418.0,66680.0,66380.0,66610.0,732.36446,22.3394533521642,Bearish Divergence
2024-07-30 04:00:00,66610.0,66808.04,66533.14,66808.04,532.22539,32.10385027411934,Bullish Crossover
2024-07-30 05:00:00,66808.04,66808.04,66322.49,66484.01,729.74093,30.562934487086224,
2024-07-30 06:00:00,66484.01,66775.0,66464.17,66766.01,399.62507,47.35182389324502,
2024-07-30 07:00:00,66766.0,67000.0,66766.0,66952.0,834.68149,49.07131499911663,
2024-07-30 08:00:00,66952.0,66999.92,66712.0,66772.01,687.68717,39.78362049393287,
2024-07-30 09:00:00,66772.01,66900.56,66444.0,66608.01,562.09159,39.20188668692541,
2024-07-30 10:00:00,66608.01,66687.34,66404.53,66581.87,601.07358,37.59858255128163,
2024-07-30 11:00:00,66581.88,66720.0,66488.71,66574.01,476.42342,34.84661532570301,
2024-07-30 12:00:00,66574.0,66820.01,66233.07,66668.0,1202.54612,40.27788399368731,
2024-07-30 13:00:00,66668.01,66948.0,66332.61,66381.99,908.66387,42.59764418693574,
2024-07-30 14:00:00,66382.0,66449.99,65660.89,65810.0,2571.18005,37.16871218779875,Bullish Divergence
2024-07-30 15:00:00,65810.01,66332.01,65555.0,66216.01,1403.78889,50.07488670984909,
2024-07-30 16:00:00,66216.01,66550.01,66145.0,66180.01,629.10607,45.9716185292007,
2024-07-30 17:00:00,66180.02,66210.01,65684.68,65868.01,1013.37053,37.931393438623246,
2024-07-30 18:00:00,65868.01,66074.98,65600.0,65824.01,857.83946,33.15022893757221,
2024-07-30 19:00:00,65824.0,66008.01,65556.56,65931.02,950.33271,39.77077236689765,
2024-07-30 20:00:00,65931.03,66240.0,65302.67,66186.01,1780.27506,39.16284875073809,
2024-07-30 21:00:00,66186.0,66312.8,65942.0,66304.0,409.68569,37.57659184502953,Bearish Divergence
2024-07-30 22:00:00,66304.0,66356.89,66072.43,66222.0,379.01701,39.04358184693976,Bearish Divergence
2024-07-30 23:00:00,66222.0,66307.5,66130.0,66188.0,213.16105,41.17622342951034,Bullish Divergence
2024-07-31 00:00:00,66188.0,66413.0,65881.96,66344.0,619.04281,45.26127059386029,Bullish Divergence
2024-07-31 01:00:00,66344.01,66404.01,66104.0,66296.0,334.00952,44.54880215216542,
2024-07-31 02:00:00,66295.99,66413.28,66068.63,66122.16,399.73998,39.62218233808907,
2024-07-31 03:00:00,66122.17,66228.86,66026.12,66058.0,372.44784,43.27260495267828,
2024-07-31 04:00:00,66058.0,66092.0,65496.0,65804.0,899.70132,49.85645933014354,Bullish Divergence
2024-07-31 05:00:00,65804.0,66221.55,65578.51,66175.52,906.31705,49.01508628029077,Bullish Divergence
2024-07-31 06:00:00,66175.53,66554.4,66120.6,66459.99,1123.26462,56.07600760423287,Bearish Divergence
2024-07-31 07:00:00,66460.0,66527.11,66213.0,66224.0,447.50807,57.98911116397445,
2024-07-31 08:00:00,66224.0,66370.0,66044.0,66312.01,609.60851,60.73953115784465,Bullish Divergence
2024-07-31 09:00:00,66312.01,66374.01,66162.37,66262.0,347.22471,57.471399290286975,
2024-07-31 10:00:00,66262.01,66262.01,65954.54,65992.0,516.06956,45.64998049318619,
2024-07-31 11:00:00,65992.0,66144.0,65958.0,66094.01,356.84286,45.2576998297206,
2024-07-31 12:00:00,66094.01,66294.0,66000.0,66153.82,553.77911,48.444671551496185,Bearish Divergence
2024-07-31 13:00:00,66153.82,66849.24,66136.0,66508.0,1327.05883,56.36942675159235,
2024-07-31 14:00:00,66508.01,66733.02,65963.25,66440.0,1822.66459,51.98019801980198,
2024-07-31 15:00:00,66440.01,66560.01,66326.0,66379.99,663.87816,51.723925599648716,
2024-07-31 16:00:00,66379.99,66751.32,66287.87,66362.0,678.14956,55.25928005052268,
2024-07-31 17:00:00,66362.01,66836.3,66303.84,66686.0,716.24977,62.36220472440945,Bullish Divergence
2024-07-31 18:00:00,66686.01,66733.99,66138.0,66527.99,1237.29065,64.81151877447324,
2024-07-31 19:00:00,66527.99,66649.12,64957.14,65256.83,3777.68319,36.262168588219396,Bullish Divergence
2024-07-31 20:00:00,65256.83,65422.0,64543.57,64595.81,2050.40584,24.94516423848168,Oversold
2024-07-31 21:00:00,64595.81,65136.04,64530.0,64978.0,1450.50923,33.886819780674514,Bullish Crossover
2024-07-31 22:00:00,64978.0,65058.0,64634.0,64980.01,730.42884,32.3828166331606,
2024-07-31 23:00:00,64980.01,64996.0,64627.97,64628.0,685.56443,29.98726239466984,Bearish Divergence
2024-08-01 00:00:00,64628.01,64841.29,64316.55,64645.9,1271.22941,32.42826932616251,Bullish Crossover
2024-08-01 01:00:00,64645.9,64816.01,64099.0,64202.0,1394.76324,27.325936738259912,Oversold
2024-08-01 02:00:00,64202.0,64254.0,63900.0,64110.01,1829.24939,25.694218158725292,Oversold
2024-08-01 03:00:00,64110.0,64139.82,63750.0,63936.01,1273.19128,18.043382643463744,Oversold
2024-08-01 04:00:00,63936.01,64058.0,63613.33,63740.41,1258.10705,17.488842162055505,Oversold
2024-08-01 05:00:00,63740.41,64357.38,63584.0,64303.99,1574.31338,27.703120703876777,Oversold
2024-08-01 06:00:00,64304.0,64454.0,64124.0,64226.0,767.67304,27.350615859658646,Oversold
2024-08-01 07:00:00,64226.0,64488.0,64216.71,64328.59,507.42839,23.771292515493002,Oversold
2024-08-01 08:00:00,64328.6,64560.01,64310.0,64507.17,671.75258,27.61866156313401,Bearish Divergence
2024-08-01 09:00:00,64507.18,64701.41,64441.2,64466.0,741.11821,37.96129126541694,Bullish Crossover
2024-08-01 10:00:00,64466.01,64610.01,64299.87,64584.55,679.91455,49.79467991218291,Bullish Divergence
2024-08-01 11:00:00,64584.54,64690.0,64467.4,64674.25,562.26161,43.79993223300414,
2024-08-01 12:00:00,64674.26,64926.52,64634.89,64883.98,793.66658,48.193083931373714,Bearish Divergence
2024-08-01 13:00:00,64883.99,64949.58,64466.21,64754.03,824.8589,52.58764059246969,
2024-08-01 14:00:00,64754.02,64776.75,63928.1,63935.83,1520.44035,39.0269909412059,Bullish Divergence
2024-08-01 15:00:00,63935.83,63962.0,62666.07,62906.6,4867.57964,33.04831896484032,
2024-08-01 16:00:00,62907.44,63203.99,62652.55,62908.0,2247.41429,33.88843166848508,
2024-08-01 17:00:00,62908.01,63254.82,62302.0,63220.0,2830.78277,40.745087597297974,
2024-08-01 18:00:00,63220.0,63435.75,62811.26,62954.0,2268.81997,40.01680770412342,
2024-08-01 19:00:00,62953.99,63509.83,62944.01,63422.01,1194.87928,38.52514896828088,
2024-08-01 20:00:00,63422.01,64776.0,63336.61,64760.0,2346.97089,55.232113813172376,Bearish Divergence
2024-08-01 21:00:00,64760.01,65356.0,64628.01,64889.03,1718.44824,55.46286801545559,
2024-08-01 22:00:00,64889.04,65659.78,64869.49,65184.37,1352.78035,56.45407239387762,
2024-08-01 23:00:00,65184.37,65470.84,65000.0,65354.02,1044.62515,58.26098928700334,
2024-08-02 00:00:00,65354.02,65596.14,64895.83,64897.99,882.43436,52.74357259648541,
2024-08-02 01:00:00,64898.0,64898.0,64548.01,64647.99,936.14981,49.776417780320664,
2024-08-02 02:00:00,64648.0,64821.99,63668.0,64359.91,1590.23256,45.59672386240088,
2024-08-02 03:00:00,64359.92,64636.8,64246.0,64609.18,754.34259,48.806882111550976,
2024-08-02 04:00:00,64609.17,64655.17,64438.0,64531.99,490.12041,55.59331384330162,
2024-08-02 05:00:00,64531.98,64541.72,64078.0,64170.01,1001.77839,63.55017299553629,Bullish Divergence
2024-08-02 06:00:00,64170.01,64640.0,63807.29,64477.21,1386.59857,65.79390752792506,Bullish Divergence
2024-08-02 07:00:00,64477.22,64516.01,64124.87,64164.07,944.57984,59.49976956716869,
2024-08-02 08:00:00,64164.07,64610.0,64044.0,64598.01,1005.20836,66.00212192296843,
2024-08-02 09:00:00,64598.01,64618.75,64420.8,64511.99,560.78311,61.4617465077836,
2024-08-02 10:00:00,64512.0,64873.61,64350.0,64764.93,804.0882,50.06716968998395,
2024-08-02 11:00:00,64764.93,64974.0,64649.96,64660.01,932.49056,46.85903941629869,Bearish Divergence
2024-08-02 12:00:00,64660.01,64940.01,64118.6,64846.0,2278.09126,45.21582988109203,
2024-08-02 13:00:00,64846.0,65524.01,64558.15,65229.99,2709.88702,48.34657089762152,Bearish Divergence
2024-08-02 14:00:00,65229.99,65366.01,63102.0,63157.95,4724.50891,33.78854789721798,
2024-08-02 15:00:00,63157.95,63636.46,62432.9,63416.01,4670.33215,38.53920919259653,
2024-08-02 16:00:00,63416.0,63611.24,62964.41,63307.38,1657.67588,39.87038309552264,
2024-08-02 17:00:00,63307.39,63456.01,63066.0,63098.01,743.54298,35.343842681765395,Bullish Divergence
2024-08-02 18:00:00,63098.01,63220.0,62784.0,62898.25,1026.49958,34.52305616921629,
2024-08-02 19:00:00,62898.24,62981.56,62515.0,62633.57,1627.26837,35.17144467521638,
2024-08-02 20:00:00,62633.58,63187.26,62088.0,62622.01,2476.71591,31.011414440823486,Bullish Divergence
2024-08-02 21:00:00,62622.01,62736.01,61286.54,61987.01,2830.77006,29.094470798363773,Oversold
2024-08-02 22:00:00,61987.02,62250.0,61230.01,61386.01,1492.72604,20.1151478611676,Oversold
2024-08-02 23:00:00,61386.01,61782.0,61311.0,61498.33,1293.60445,22.097084214463806,Oversold
2024-08-03 00:00:00,61498.34,61725.78,60903.0,61132.01,2158.32562,17.055157754224084,Oversold
2024-08-03 01:00:00,61132.01,61390.12,60505.0,61342.01,2498.20118,20.473702195517845,Oversold
2024-08-03 02:00:00,61342.01,61614.0,61217.99,61450.01,1235.71624,19.35430890875395,Oversold
2024-08-03 03:00:00,61450.01,61975.0,61310.9,61895.99,1165.23343,20.246594511237404,Bearish Divergence
2024-08-03 04:00:00,61895.99,61981.43,61398.01,61566.25,674.61075,29.384367504053998,Oversold
2024-08-03 05:00:00,61566.26,61720.34,61512.0,61693.99,369.59368,26.91724082464266,Bullish Divergence
2024-08-03 06:00:00,61694.0,61847.11,61674.69,61827.89,391.96603,30.30167466854128,Bearish Divergence
2024-08-03 07:00:00,61827.89,61906.37,61618.7,61662.01,591.46276,30.656702264081773,
2024-08-03 08:00:00,61662.02,61740.6,61480.0,61629.68,536.12938,32.10483996106585,Bullish Divergence
2024-08-03 09:00:00,61629.68,61749.07,61457.89,61735.99,468.75911,36.74603080848644,Bullish Divergence
2024-08-03 10:00:00,61735.98,61885.9,61668.06,61822.01,462.84734,38.44111034694005,
2024-08-03 11:00:00,61822.01,62002.39,61785.51,61919.38,528.52742,48.84310498783738,
2024-08-03 12:00:00,61919.38,62198.22,61847.04,62002.71,824.67931,62.81992649382181,
2024-08-03 13:00:00,62002.71,62040.01,61844.49,62007.99,483.17523,61.08824297276126,
2024-08-03 14:00:00,62007.99,62173.01,61900.0,61990.0,522.43205,72.00121033709948,Bearish Divergence
2024-08-03 15:00:00,61990.0,62088.38,60833.33,60879.0,1851.0634,41.879496434421704,Bullish Divergence
2024-08-03 16:00:00,60879.01,61288.0,60387.0,60912.01,3779.61996,40.30937936798418,
2024-08-03 17:00:00,60912.01,61015.5,60450.0,60576.0,1471.63779,25.24316274742958,Bearish Divergence
2024-08-03 18:00:00,60575.99,60840.0,60174.54,60243.97,1887.75774,25.221497638857656,Oversold
2024-08-03 19:00:00,60243.97,60628.24,59920.0,60246.0,2092.03786,21.524175119666182,Oversold
2024-08-03 20:00:00,60246.01,60716.64,60158.0,60395.97,965.52159,22.01707210305797,Bearish Divergence
2024-08-03 21:00:00,60395.97,60849.93,59850.0,60648.0,1578.50839,30.829467124939924,Bullish Crossover
2024-08-03 22:00:00,60648.0,60765.0,60370.67,60629.84,597.64878,30.995537038022547,
2024-08-03 23:00:00,60629.85,60830.0,60380.0,60697.99,899.26063,29.97978691395555,Bullish Divergence
2024-08-04 00:00:00,60697.99,60814.16,60597.32,60747.0,612.35285,28.965668376790816,Bearish Divergence
2024-08-04 01:00:00,60747.0,60774.02,60320.0,60743.58,550.52464,26.11541305425338,Bearish Divergence
2024-08-04 02:00:00,60743.57,61117.63,60714.29,60886.95,879.07402,27.8747233745528,Oversold
2024-08-04 03:00:00,60886.96,60902.36,60692.0,60735.0,460.77491,26.14452819015567,Oversold
2024-08-04 04:00:00,60735.0,60792.47,60546.67,60564.12,399.81815,24.72758080410634,Oversold
2024-08-04 05:00:00,60564.12,60938.54,60542.5,60792.0,468.34097,47.75530213117291,Bullish Crossover
2024-08-04 06:00:00,60792.0,60871.5,60714.6,60819.61,284.28564,47.60931435963772,
2024-08-04 07:00:00,60819.6,60830.0,60260.0,60373.99,819.82285,45.053890338914094,Bearish Divergence
2024-08-04 08:00:00,60374.0,60666.0,60081.57,60565.41,862.41634,58.45227452011576,
2024-08-04 09:00:00,60566.0,60740.0,60504.0,60708.0,332.05825,61.31210640235842,
2024-08-04 10:00:00,60708.0,60828.7,60529.08,60812.01,494.27022,60.42132157707533,
2024-08-04 11:00:00,60812.01,61000.0,60779.0,60896.0,491.41428,56.78314716147173,Bearish Divergence
2024-08-04 12:00:00,60896.0,61097.55,60800.0,61062.0,451.93334,60.93577610202958,Bearish Divergence
2024-08-04 13:00:00,61062.0,61089.36,60822.0,60822.01,429.99502,52.887220985780516,
2024-08-04 14:00:00,60822.01,60876.0,59317.0,59586.7,3573.41697,32.59918897193788,
2024-08-04 15:00:00,59586.69,59600.0,58960.0,59086.01,2940.33636,28.36810386003738,Oversold
2024-08-04 16:00:00,59086.01,59314.57,58621.0,58663.9,2156.62874,22.95592511040013,Oversold
2024-08-04 17:00:00,58663.9,58750.0,57122.77,57864.43,5593.91789,19.831552662388575,Oversold
2024-08-04 18:00:00,57864.43,58930.58,57748.85,58770.6,2855.09279,33.67407871309295,Bullish Crossover
2024-08-04 19:00:00,58770.6,59497.21,58530.8,59257.66,2334.95061,36.662644905111975,
2024-08-04 20:00:00,59257.67,59583.0,58850.39,59158.0,1086.95356,35.73502469913757,
2024-08-04 21:00:00,59158.01,59163.52,58357.15,58459.98,1164.75251,34.250694068450755,
2024-08-04 22:00:00,58459.98,59133.33,58392.21,58715.83,1092.088,34.94053008344025,
2024-08-04 23:00:00,58715.83,58762.01,58001.81,58161.0,1281.30112,30.566627398079717,
2024-08-05 00:00:00,58161.0,58305.59,55701.0,56174.02,6366.26136,22.511151440293105,Oversold
2024-08-05 01:00:00,56174.01,56294.0,52300.17,54432.65,18291.93944,17.982644293214165,Oversold
2024-08-05 02:00:00,54432.65,54720.0,53600.0,54697.98,7647.8959,18.78190965422789,Oversold
2024-08-05 03:00:00,54697.98,54713.99,53797.14,53890.87,3830.3656,17.791980639333246,Oversold
2024-08-05 04:00:00,53890.87,54576.71,53394.01,53528.01,4506.48269,19.36190203600303,Oversold
2024-08-05 05:00:00,53526.01,53856.05,52300.0,52718.0,9486.11842,18.774560329043453,Bullish Divergence
2024-08-05 06:00:00,52717.99,52994.28,49000.0,51588.0,20888.72287,17.55579235413657,Oversold
2024-08-05 07:00:00,51588.0,53088.22,51356.02,52674.19,8503.60672,26.811563123244213,Oversold
2024-08-05 08:00:00,52674.2,53218.37,52288.0,52752.0,5272.69477,20.961335819080844,Oversold
2024-08-05 09:00:00,52752.0,52935.63,51750.01,52667.8,3568.47028,16.919104196493663,Bearish Divergence
2024-08-05 10:00:00,52667.8,52667.8,50671.66,51386.0,5666.36487,15.124085023280529,Oversold
2024-08-05 11:00:00,51384.0,51899.99,50633.47,51340.0,4715.94005,16.064112316664662,Oversold
2024-08-05 12:00:00,51340.0,51542.0,49542.83,49804.0,10310.06291,12.143334729480259,Bullish Divergence
2024-08-05 13:00:00,49804.01,52534.09,49599.9,51951.0,11920.84778,26.76360844322913,Oversold
2024-08-05 14:00:00,51951.01,54516.01,51951.01,54061.68,11347.47221,42.168605909971276,Bullish Crossover
2024-08-05 15:00:00,54061.67,54980.0,53500.0,54321.09,6182.10967,49.535337043084176,
2024-08-05 16:00:00,54321.08,55600.0,54034.0,54039.11,5846.92743,47.25951559971882,
2024-08-05 17:00:00,54039.11,55068.42,53767.48,54707.99,3352.59724,53.438241090919476,
2024-08-05 18:00:00,54708.0,54717.14,53000.0,53096.84,3324.36066,48.35821191049345,
2024-08-05 19:00:00,53096.85,53601.0,52555.0,53470.09,3753.87523,52.96230212653659,
2024-08-05 20:00:00,53470.08,54404.0,53462.0,54393.85,2144.05024,61.234085862472384,
2024-08-05 21:00:00,54393.85,55200.0,54272.0,54372.01,1946.64283,57.431090989306504,
2024-08-05 22:00:00,54372.0,54971.0,54206.09,54695.87,1482.40313,58.328627458373376,
2024-08-05 23:00:00,54695.87,55082.0,53876.47,54018.81,1709.37956,55.50862903429675,
2024-08-06 00:00:00,54018.82,56064.21,53950.0,56038.0,4020.21665,67.89222511280718,
2024-08-06 01:00:00,56037.99,56276.0,55436.0,55723.98,2935.50989,66.52077768599528,
2024-08-06 02:00:00,55723.99,56064.0,55628.44,55845.44,2144.92755,75.4836951661698,Overbought
2024-08-06 03:00:00,55845.44,55888.0,55471.5,55665.73,1405.9911,68.78735617650781,Bearish Crossover
2024-08-06 04:00:00,55665.73,55760.0,55255.0,55493.98,1633.25285,59.011213843157215,
2024-08-06 05:00:00,55493.97,55999.0,55257.82,55925.97,1722.28213,59.882387714134445,
2024-08-06 06:00:00,55925.96,56050.0,55535.69,55782.0,2232.18355,60.91777761908519,
2024-08-06 07:00:00,55782.0,56169.48,55458.0,55999.99,2142.87168,58.57787810383747,Bullish Divergence
2024-08-06 08:00:00,55998.02,56122.0,54600.01,54992.0,3660.95326,63.67785630153124,Bearish Divergence
2024-08-06 09:00:00,54992.01,55309.54,54602.21,55211.99,2763.88727,62.8561475397737,Bullish Divergence
2024-08-06 10:00:00,55211.98,55440.47,54879.25,55062.0,1473.76294,55.56716509937828,Bearish Divergence
2024-08-06 11:00:00,55062.0,55400.85,54868.36,55210.01,1488.38598,56.83860564258411,
2024-08-06 12:00:00,55210.0,55468.0,54677.49,54772.01,2140.16498,50.609986669059396,
2024-08-06 13:00:00,54772.01,55438.03,54371.94,55204.0,3421.11371,59.88308970071967,
2024-08-06 14:00:00,55203.99,56605.55,55152.0,56132.01,6015.8167,50.958333248383774,
2024-08-06 15:00:00,56132.01,56429.98,55735.0,56405.99,2155.87056,57.00959745767064,Bearish Divergence
2024-08-06 16:00:00,56405.99,56899.0,56234.8,56775.52,3029.81314,59.09542529679827,
2024-08-06 17:00:00,56775.51,56988.83,56487.17,56494.0,2411.99491,57.94166885598623,
2024-08-06 18:00:00,56492.01,57040.99,56356.0,56729.99,1969.44663,61.7069682417905,
2024-08-06 19:00:00,56730.0,56878.0,56312.66,56765.48,1416.02875,58.597220657661666,
2024-08-06 20:00:00,56769.98,56850.48,56172.09,56541.99,1551.33085,57.6581478727199,Bearish Divergence
2024-08-06 21:00:00,56542.0,56632.0,56090.69,56458.01,977.6353,54.74341129586829,
2024-08-06 22:00:00,56458.0,56935.56,55942.02,56200.26,1874.33722,64.815387030007,
2024-08-06 23:00:00,56200.26,56416.46,55800.0,56022.01,1296.99916,60.03498530716214,Bullish Divergence
2024-08-07 00:00:00,56022.0,56375.0,55557.88,56269.99,1727.99543,64.61053176486524,
2024-08-07 01:00:00,56270.0,57000.0,55782.0,56965.99,1878.60068,68.75261642559953,
2024-08-07 02:00:00,56965.99,57287.99,56501.0,56762.01,2274.53901,72.36990606887689,Overbought
2024-08-07 03:00:00,56762.01,56980.62,56590.0,56862.0,875.41298,70.14120711186271,Bullish Divergence
2024-08-07 04:00:00,56862.01,57250.0,56750.0,57048.02,1671.15949,63.5747417715141,Bearish Divergence
2024-08-07 05:00:00,57048.02,57246.23,56704.0,56796.01,1465.85788,55.81775547586809,Bearish Divergence
2024-08-07 06:00:00,56796.01,56996.0,56692.39,56838.57,1094.48522,51.04214531522215,
2024-08-07 07:00:00,56838.58,57091.57,56544.7,56920.91,1215.73729,57.55370988346795,Bearish Divergence
2024-08-07 08:00:00,56920.91,57448.9,56871.44,57348.0,1496.95967,60.242365583556875,
2024-08-07 09:00:00,57348.0,57669.0,57170.9,57350.01,2015.58278,59.79620908679552,
2024-08-07 10:00:00,57350.01,57736.05,57255.1,57323.0,1172.75864,64.01181211136122,Bearish Divergence
2024-08-07 11:00:00,57322.99,57372.01,56870.39,56963.38,1916.02762,58.25064242590466,Bullish Divergence
2024-08-07 12:00:00,56963.39,57341.38,56812.0,57292.0,1773.60438,67.42056754790204,
2024-08-07 13:00:00,57292.0,57479.6,56710.5,56834.0,2150.98919,61.89474486044012,
2024-08-07 14:00:00,56832.06,56988.0,55650.0,56085.83,4134.20562,47.64707084851617,
2024-08-07 15:00:00,56085.83,56400.0,55768.5,56094.5,1946.88224,36.49309225719058,
2024-08-07 16:00:00,56094.51,56290.42,55800.03,56125.47,1771.8996,39.57544512426792,Bearish Divergence
2024-08-07 17:00:00,56125.48,56300.0,55435.0,55570.59,2350.11275,31.59320062600304,
2024-08-07 18:00:00,55570.59,55623.48,54676.35,54805.01,3462.66481,22.56277018150331,Oversold
2024-08-07 19:00:00,54805.01,55152.15,54682.36,54759.22,1821.81006,23.761565038608126,Oversold
2024-08-07 20:00:00,54760.97,55297.46,54643.02,55141.31,2085.03326,29.894286445352094,Bullish Divergence
2024-08-07 21:00:00,55141.31,55566.24,54868.95,55416.0,1363.9891,32.9498616646915,Bullish Crossover
2024-08-07 22:00:00,55416.0,55464.32,54558.62,55284.01,1743.64068,24.939960030013964,Oversold
2024-08-07 23:00:00,55284.0,55434.57,54926.97,55134.16,859.42846,24.028523674790733,Oversold
2024-08-08 00:00:00,55133.76,55370.07,54730.0,55300.0,1305.09221,27.036206285927022,Oversold
2024-08-08 01:00:00,55300.0,57381.36,55270.35,56868.0,4003.00881,49.15038641473402,Bullish Crossover
2024-08-08 02:00:00,56868.0,57636.36,56822.0,57364.0,2063.72332,50.62278134147101,
2024-08-08 03:00:00,57364.0,57636.35,57046.0,57049.74,1275.97754,51.91368121516183,
2024-08-08 04:00:00,57049.74,57234.11,56670.47,56765.34,1051.42972,56.56783961368715,Bullish Divergence
2024-08-08 05:00:00,56765.35,57019.62,56714.52,56955.62,695.37757,58.040906731009876,Bullish Divergence
2024-08-08 06:00:00,56955.62,57352.13,56794.35,57216.0,851.93145,59.76472189440242,
2024-08-08 07:00:00,57216.0,57434.35,57122.0,57193.49,1072.16338,66.06303670476638,
2024-08-08 08:00:00,57193.48,57382.51,57100.69,57230.0,936.47776,78.05019675703682,Bullish Divergence
2024-08-08 09:00:00,57230.0,57495.0,56978.52,57339.19,882.70365,79.41148976627852,Overbought
2024-08-08 10:00:00,57339.2,57558.0,57197.43,57377.09,1024.38947,77.65822158444254,Overbought
2024-08-08 11:00:00,57377.1,57670.04,57252.11,57320.51,845.35727,74.90408479766933,Bearish Divergence
2024-08-08 12:00:00,57320.51,58486.02,57000.0,57924.62,4026.90433,80.73471592086244,Overbought
2024-08-08 13:00:00,57924.63,58255.0,56700.0,57266.73,3143.35857,72.19646741675948,Overbought
2024-08-08 14:00:00,57266.73,58998.98,57168.71,58922.25,3376.24767,78.77756998059913,Overbought
2024-08-08 15:00:00,58922.25,59505.0,58640.0,59428.03,3768.91338,74.46834540487947,Overbought
2024-08-08 16:00:00,59428.03,59863.0,59354.45,59568.56,3443.04468,72.60697643893154,Bearish Divergence
2024-08-08 17:00:00,59568.57,59854.53,59272.21,59469.88,1207.73852,75.96571865089075,Bearish Divergence
2024-08-08 18:00:00,59469.89,59696.44,59317.89,59328.09,781.71579,78.36375106526627,Bullish Divergence
2024-08-08 19:00:00,59328.1,59819.6,59237.59,59414.51,1317.07769,77.85463286653876,Bullish Divergence
2024-08-08 20:00:00,59414.52,59683.5,59297.34,59506.29,616.80621,76.97511772146834,Bearish Divergence
2024-08-08 21:00:00,59506.3,61355.66,59500.0,61173.69,2520.68689,83.7873169804146,Bearish Divergence
2024-08-08 22:00:00,61170.44,62530.0,60621.22,62332.0,4551.00737,86.38111319646092,Overbought
2024-08-08 23:00:00,62332.0,62745.14,61583.22,61685.99,3588.39624,78.79171248029463,Overbought
2024-08-09 00:00:00,61686.0,61744.37,61086.95,61214.0,2033.4276,74.03238717290576,Overbought
2024-08-09 01:00:00,61214.01,61550.08,60720.0,61400.0,1766.56142,75.14413458231479,Overbought
2024-08-09 02:00:00,61400.0,61461.03,61147.88,61235.51,829.95324,71.57609099404505,Overbought
2024-08-09 03:00:00,61235.51,61573.27,61171.86,61358.39,743.62787,78.66279607373927,Overbought
2024-08-09 04:00:00,61358.39,61390.7,60720.0,60720.01,1063.85453,64.68652580533427,Bearish Crossover
2024-08-09 05:00:00,60720.01,60998.0,60588.63,60989.0,981.14947,63.2653199969407,
2024-08-09 06:00:00,60988.99,61113.5,60734.87,60890.01,1032.32739,61.30969803718182,Bearish Divergence
2024-08-09 07:00:00,60890.01,61225.0,60750.52,60863.57,1398.19774,62.077308500884804,
2024-08-09 08:00:00,60863.58,61110.96,60600.34,61095.73,896.53055,65.0816348818479,Bullish Divergence
2024-08-09 09:00:00,61095.73,61210.31,60718.21,60759.99,852.399,61.01126758719119,
2024-08-09 10:00:00,60760.0,60847.99,60170.16,60600.01,1726.08072,58.852075833311766,
2024-08-09 11:00:00,60600.01,60797.75,60362.29,60655.24,763.4406,44.32220151174321,
2024-08-09 12:00:00,60655.25,60800.0,60236.0,60551.99,922.51907,24.647560339891612,Bearish Divergence
2024-08-09 13:00:00,60551.99,60757.83,59800.0,60450.01,2863.87359,29.1677060509017,Oversold
2024-08-09 14:00:00,60450.02,61115.11,59535.0,60341.07,3519.45144,33.23513030786066,Bullish Divergence
2024-08-09 15:00:00,60346.98,60587.24,59800.0,59810.23,1450.52956,23.039117590196284,Bullish Divergence
2024-08-09 16:00:00,59810.24,60450.0,59700.0,60432.65,1358.31729,38.21479528627036,Bullish Crossover
2024-08-09 17:00:00,60432.65,60747.53,60153.01,60197.5,1038.11949,33.50300839280483,
2024-08-09 18:00:00,60197.5,60368.42,59835.38,60314.23,780.72783,43.22986879513088,
2024-08-09 19:00:00,60314.23,60750.0,60116.0,60681.42,617.44285,45.03108198924727,
2024-08-09 20:00:00,60681.79,60986.03,60526.66,60745.96,669.7114,47.646695571768795,
2024-08-09 21:00:00,60745.96,60866.65,59909.16,60732.01,1565.30947,47.8419343197402,
2024-08-09 22:00:00,60732.0,60985.0,60289.53,60763.58,1477.45761,44.16771143911693,Bullish Divergence
2024-08-09 23:00:00,60763.59,60927.95,60348.74,60837.99,621.47044,51.50801568336312,Bearish Divergence
2024-08-10 00:00:00,60837.99,61470.58,60495.56,60541.92,1556.31119,48.9330595422202,
2024-08-10 01:00:00,60541.91,60963.0,60459.0,60464.0,563.14449,46.51652483096295,
2024-08-10 02:00:00,60464.01,60723.18,60287.51,60536.25,368.11379,49.710017833719036,
2024-08-10 03:00:00,60536.25,60536.25,60266.03,60437.84,378.50579,49.77549356365679,
2024-08-10 04:00:00,60437.85,60440.01,60242.0,60413.49,280.85729,51.37900830223168,Bullish Divergence
2024-08-10 05:00:00,60413.5,60469.5,60330.32,60355.46,206.02393,62.66215820788759,Bullish Divergence
2024-08-10 06:00:00,60355.46,60510.54,60330.0,60458.0,233.86317,50.77612653158693,Bullish Divergence
2024-08-10 07:00:00,60458.01,60851.91,60458.01,60842.0,431.7444,68.08401984331867,Bearish Divergence
2024-08-10 08:00:00,60842.01,60900.43,60601.96,60733.58,418.89183,61.82166718349172,
2024-08-10 09:00:00,60733.59,61116.65,60733.58,60896.5,553.67133,56.8523875670648,
2024-08-10 10:00:00,60896.5,61010.52,60646.0,60788.01,359.54332,51.30320517191161,Bearish Divergence
2024-08-10 11:00:00,60788.01,61008.0,60757.62,60920.88,286.13876,55.45158031461962,
2024-08-10 12:00:00,60920.88,60949.99,60717.03,60722.81,269.9928,48.926398946675334,
2024-08-10 13:00:00,60722.82,60744.0,60425.0,60431.56,497.16695,40.394405343190265,
2024-08-10 14:00:00,60431.57,60676.55,60400.0,60585.38,273.35051,51.101178712234066,
2024-08-10 15:00:00,60585.39,60750.0,60504.11,60515.89,488.96677,51.320416711197964,
2024-08-10 16:00:00,60515.9,60709.99,60400.0,60672.59,446.95026,53.326404340867334,Bullish Divergence
2024-08-10 17:00:00,60672.59,60860.92,60549.31,60767.8,313.4303,58.062908081479655,
2024-08-10 18:00:00,60767.81,61196.63,60735.28,60953.38,775.52259,62.22914845133853,
2024-08-10 19:00:00,60954.0,61140.0,60840.57,61016.45,253.5453,64.93809973648888,
2024-08-10 20:00:00,61016.44,61108.74,60902.07,60986.19,309.43002,62.3400228955916,
2024-08-10 21:00:00,60986.19,61160.0,60966.0,61075.99,298.59789,56.337928979658194,
2024-08-10 22:00:00,61076.0,61076.0,60884.89,60930.27,189.99957,55.22208947298546,Bearish Divergence
2024-08-10 23:00:00,60930.27,60940.72,60757.39,60923.51,241.44396,50.78195114325259,
2024-08-11 00:00:00,60923.51,61243.99,60892.0,61095.15,435.48691,58.57817946197168,
2024-08-11 01:00:00,61095.16,61160.91,60949.27,61112.1,181.78631,55.71037794447906,
2024-08-11 02:00:00,61112.11,61133.72,60977.95,61026.78,181.28199,59.73283298219118,Bearish Divergence
2024-08-11 03:00:00,61026.77,61382.73,61023.99,61085.01,598.83815,74.59260095592991,Bullish Divergence
2024-08-11 04:00:00,61085.01,61145.82,60881.36,60895.99,365.86583,61.388084326306284,Bearish Crossover
2024-08-11 05:00:00,60895.99,61150.0,60882.04,61114.29,215.58465,69.78103347966379,
2024-08-11 06:00:00,61114.29,61163.9,61013.49,61120.01,214.18786,66.43017670647365,
2024-08-11 07:00:00,61120.01,61271.43,61092.85,61257.0,418.10258,67.42959753733902,Bearish Divergence
2024-08-11 08:00:00,61257.0,61426.97,61158.0,61260.42,456.03453,62.57124140189991,
2024-08-11 09:00:00,61260.43,61858.0,61001.01,61110.0,1468.80283,53.574567269114816,Bearish Divergence
2024-08-11 10:00:00,61110.0,61263.14,60946.11,61037.63,453.80554,51.90425421645697,
2024-08-11 11:00:00,61037.64,61063.02,60425.0,60669.15,1157.15861,37.51519019971284,
2024-08-11 12:00:00,60669.14,60700.0,60228.21,60492.09,749.0849,36.807211503721355,
2024-08-11 13:00:00,60492.1,60640.94,60167.22,60457.54,848.62677,36.20141311364724,
2024-08-11 14:00:00,60457.54,60761.09,60200.0,60350.0,1217.30715,27.063415354876042,Oversold
2024-08-11 15:00:00,60350.0,60431.58,59941.0,60127.29,1191.69278,23.0945342680576,Oversold
2024-08-11 16:00:00,60127.29,60288.01,59986.0,60182.2,520.32464,26.535794456915482,Oversold
2024-08-11 17:00:00,60182.2,60350.0,60015.38,60265.07,578.88609,27.528009822622664,Oversold
2024-08-11 18:00:00,60265.07,60345.88,60117.06,60263.11,309.49821,30.673059304953313,Bullish Crossover
2024-08-11 19:00:00,60263.11,60274.94,59542.57,59621.11,1189.87128,13.775351770984813,Bullish Divergence
2024-08-11 20:00:00,59621.11,59674.38,58286.73,58504.92,3007.44807,8.771642172241755,Oversold
2024-08-11 21:00:00,58504.91,59087.0,58317.0,59009.8,1293.05151,18.254147642511683,Oversold
2024-08-11 22:00:00,59009.79,59349.04,58525.08,58996.0,1493.92484,18.10442454940369,Oversold
2024-08-11 23:00:00,58996.01,59021.66,58700.01,58712.59,643.19309,17.450641236256843,Oversold
2024-08-12 00:00:00,58712.59,59088.33,58100.06,58450.0,1616.54316,16.59355271821228,Oversold
2024-08-12 01:00:00,58450.01,58798.69,58278.46,58584.01,1026.68937,21.34600162705314,Oversold
2024-08-12 02:00:00,58584.02,58760.45,58310.0,58717.25,814.94993,25.31282513506153,Oversold
2024-08-12 03:00:00,58717.24,58818.78,58443.76,58509.5,637.80901,24.149251829951268,Oversold
2024-08-12 04:00:00,58509.5,58680.0,58363.08,58523.83,506.0435,25.1517831630224,Oversold
2024-08-12 05:00:00,58523.83,58693.02,58400.0,58571.57,563.38187,27.773396424816013,Oversold
2024-08-12 06:00:00,58571.57,58638.0,58124.15,58403.76,885.13655,25.38545859192058,Oversold
2024-08-12 07:00:00,58403.76,58984.85,57642.21,58674.61,2546.67432,29.07597827688555,Oversold
2024-08-12 08:00:00,58674.62,59025.66,58240.51,58317.43,1398.97397,26.590676118562612,Oversold
2024-08-12 09:00:00,58317.43,58636.36,58163.01,58296.67,1062.50945,31.26432293876998,Bullish Crossover
2024-08-12 10:00:00,58296.68,58994.98,58125.75,58969.6,1221.94893,57.51598043528894,Bullish Divergence
2024-08-12 11:00:00,58969.6,59990.0,58881.01,59851.7,2920.53333,62.13637018884235,
2024-08-12 12:00:00,59851.71,59942.69,59518.26,59728.23,1246.54844,60.231906253755476,
2024-08-12 13:00:00,59728.24,59876.9,58000.0,58157.55,2828.61707,44.29609655036343,
2024-08-12 14:00:00,58157.55,60711.09,57800.0,60299.98,5156.24546,63.71314459888993,
2024-08-12 15:00:00,60299.99,60510.2,59230.0,60207.37,2847.64813,62.10761529144318,
2024-08-12 16:00:00,60207.38,60420.34,59555.56,59608.06,1522.45273,56.21210747634222,
2024-08-12 17:00:00,59608.07,59919.69,59255.83,59296.11,1335.6951,55.40688602792079,
2024-08-12 18:00:00,59296.12,59490.0,58440.54,58526.78,1497.27827,50.018370562263726,
2024-08-12 19:00:00,58527.91,59300.88,58527.91,59043.98,1285.57015,52.7793368562624,
2024-08-12 20:00:00,59043.99,59389.48,58723.58,58841.96,1387.47948,52.56773259016361,
2024-08-12 21:00:00,58841.96,59223.47,58555.26,58969.44,1063.92021,51.75714736961303,
2024-08-12 22:00:00,58969.45,59258.73,58849.44,59051.68,624.69274,54.52430276134972,Bearish Divergence
2024-08-12 23:00:00,59051.67,59745.99,59024.01,59346.64,1012.57626,56.25823279145424,
2024-08-13 00:00:00,59346.64,59890.62,59275.86,59798.17,1038.08536,55.072477963980795,
2024-08-13 01:00:00,59798.18,59923.28,59466.34,59740.0,684.04808,49.239451042980235,Bearish Divergence
2024-08-13 02:00:00,59740.0,59782.71,59269.85,59481.99,891.59566,48.353552859618695,
2024-08-13 03:00:00,59482.0,59520.0,58846.95,59040.0,1691.63708,56.94926786397718,
2024-08-13 04:00:00,59040.0,59250.0,58830.23,59219.99,623.38342,37.69042967636925,Bullish Divergence
2024-08-13 05:00:00,59219.99,59359.99,59104.61,59211.99,355.46625,38.431678823294206,Bearish Divergence
2024-08-13 06:00:00,59212.0,59476.0,58947.75,59368.0,709.8036,46.8895119827515,Bullish Divergence
2024-08-13 07:00:00,59367.99,59457.34,59059.82,59238.05,892.07753,49.21047192184681,
2024-08-13 08:00:00,59238.05,59331.99,58919.86,59099.98,830.40486,59.410235026037455,Bullish Divergence
2024-08-13 09:00:00,59099.99,59103.99,58700.75,58946.01,1036.08791,48.173830054540886,Bullish Divergence
2024-08-13 10:00:00,58946.01,58969.44,58392.88,58672.1,1000.16405,46.91643551127698,
2024-08-13 11:00:00,58672.09,58904.0,58563.99,58830.0,509.25128,47.49631917262179,
2024-08-13 12:00:00,58830.01,59190.0,58709.57,59124.0,1412.37442,51.20675730695553,
2024-08-13 13:00:00,59124.0,59427.74,58819.3,59395.25,1623.46914,50.817593137667146,
2024-08-13 14:00:00,59395.25,59776.7,58996.81,59643.63,1801.20013,47.21006643558635,Bearish Divergence
2024-08-13 15:00:00,59643.63,59729.84,59352.36,59472.26,849.07557,45.35625086721245,Bearish Divergence
2024-08-13 16:00:00,59472.25,61171.86,59446.22,61157.59,3358.11036,69.43797388471786,
2024-08-13 17:00:00,61157.6,61578.1,60904.84,61167.58,2978.69513,77.43055913690144,Overbought
2024-08-13 18:00:00,61167.58,61214.95,60761.91,60795.41,1316.92837,69.35262757044944,Bearish Crossover
2024-08-13 19:00:00,60795.4,60969.39,60243.77,60820.15,1688.73237,69.6738960225494,
2024-08-13 20:00:00,60820.16,60975.0,60566.37,60569.14,649.17304,64.36069478053774,
2024-08-13 21:00:00,60569.15,61138.87,60505.98,61030.03,693.1371,69.85362221857838,
2024-08-13 22:00:00,61030.04,61065.46,60455.0,60585.14,829.87139,65.40686335532592,
2024-08-13 23:00:00,60585.14,60611.94,60389.75,60587.15,396.18641,67.57922293823268,
2024-08-14 00:00:00,60587.16,60855.27,60425.01,60786.85,538.59458,73.0182883688935,Overbought
2024-08-14 01:00:00,60786.85,60826.24,60520.4,60520.4,532.10853,67.97464154923892,Bearish Crossover
2024-08-14 02:00:00,60520.41,60842.0,60487.89,60805.49,456.59945,67.91384258736451,
2024-08-14 03:00:00,60805.5,61302.88,60805.49,60952.83,844.47854,67.04374354395371,Bearish Divergence
2024-08-14 04:00:00,60952.83,61162.2,60895.02,60943.51,595.37832,65.00912176985437,Bearish Divergence
2024-08-14 05:00:00,60943.52,61087.98,60796.0,60834.64,370.78279,65.9611509442804,
2024-08-14 06:00:00,60834.64,60913.68,60637.3,60861.5,580.3976,44.32632131620001,Bullish Divergence
2024-08-14 07:00:00,60861.5,60940.0,60700.0,60914.02,273.53209,45.21920463372867,Bearish Divergence
2024-08-14 08:00:00,60914.02,60931.46,60640.4,60896.0,633.08007,52.18891853192955,
2024-08-14 09:00:00,60896.0,60980.01,60818.99,60857.21,726.23432,50.8015537945115,Bullish Divergence
2024-08-14 10:00:00,60856.85,61325.32,60839.0,61100.0,1109.7324,61.52269984458707,
2024-08-14 11:00:00,61100.0,61453.0,60891.56,61296.87,1006.62214,56.54173531026919,
2024-08-14 12:00:00,61296.88,61800.0,60846.53,61064.53,3076.76024,63.11981039644874,Bearish Divergence
2024-08-14 13:00:00,61064.52,61171.14,59473.36,59611.92,3404.21123,35.122667097880395,Bullish Divergence
2024-08-14 14:00:00,59611.93,59621.94,58823.52,59502.67,4124.81255,29.85359823288738,Oversold
2024-08-14 15:00:00,59502.67,59841.73,58903.01,59435.69,2893.2163,31.84676919987284,Bullish Crossover
2024-08-14 16:00:00,59435.69,59451.53,58615.06,59131.99,2045.95643,22.166412752057454,Bullish Divergence
2024-08-14 17:00:00,59131.99,59379.51,59039.47,59168.36,1043.58426,19.183225169154113,Oversold
2024-08-14 18:00:00,59168.37,59462.61,58809.0,58990.05,1024.74483,18.12530186536486,Bearish Divergence
2024-08-14 19:00:00,58990.04,59120.09,58710.02,58891.13,810.39795,18.184348122174157,Oversold
2024-08-14 20:00:00,58891.13,59183.99,58880.51,59149.16,513.16696,23.94095267082652,Bullish Divergence
2024-08-14 21:00:00,59149.15,59156.0,58869.74,58913.56,404.08382,21.163127273985538,Oversold
2024-08-14 22:00:00,58913.57,59011.49,58433.18,58986.0,948.67809,22.892421231904848,Oversold
2024-08-14 23:00:00,58985.99,59022.5,58673.81,58683.39,465.60977,21.297553092040516,Oversold
2024-08-15 00:00:00,58683.39,59040.89,58678.0,58993.99,652.16711,22.68207324697846,Oversold
2024-08-15 01:00:00,58994.0,59044.44,58135.2,58204.93,1384.77004,15.234257289478919,Oversold
2024-08-15 02:00:00,58204.93,58562.61,58010.0,58412.25,2459.79333,20.009046089827805,Oversold
2024-08-15 03:00:00,58412.75,58494.74,58350.0,58442.98,503.562,30.51714712392352,Bullish Crossover
2024-08-15 04:00:00,58442.99,58471.0,58160.0,58388.71,687.66513,31.08688122678238,
2024-08-15 05:00:00,58388.72,58639.0,58188.29,58315.01,747.54161,31.016106191092632,Bullish Divergence
2024-08-15 06:00:00,58315.01,58390.0,57847.32,58101.44,1550.94234,31.99302471055715,
2024-08-15 07:00:00,58101.44,58149.0,57713.88,58060.37,1156.56805,30.6716488209252,Bullish Divergence
2024-08-15 08:00:00,58060.36,58390.21,57964.85,58378.3,1024.07628,39.824009847464175,
2024-08-15 09:00:00,58378.3,58551.87,58305.14,58412.64,864.04001,41.865928663468566,
2024-08-15 10:00:00,58412.64,58543.25,58298.6,58361.9,620.7443,35.602308722082796,
2024-08-15 11:00:00,58361.9,58872.85,58354.53,58745.36,836.78188,47.08172556422291,
2024-08-15 12:00:00,58745.36,59387.11,58607.86,58800.26,2158.3608,46.75767203156097,
2024-08-15 13:00:00,58800.26,59477.0,58532.42,59451.34,1905.33986,61.951524696757,Bearish Divergence
2024-08-15 14:00:00,59451.33,59743.13,59210.48,59416.35,2073.10429,57.18993858012505,
2024-08-15 15:00:00,59416.36,59787.37,59261.61,59682.84,1586.27247,80.60374639172701,Overbought
2024-08-15 16:00:00,59682.85,59849.38,59428.57,59538.01,1358.43935,73.93095531652585,Overbought
2024-08-15 17:00:00,59538.01,59547.96,58782.9,58875.1,1484.03158,57.23993727130158,Bearish Crossover
2024-08-15 18:00:00,58875.1,58878.15,57524.56,57872.82,3577.73998,43.44033629259283,
2024-08-15 19:00:00,57872.82,57963.04,56680.0,57047.46,4014.49421,36.46921935545845,
2024-08-15 20:00:00,57046.34,57133.02,56078.54,56671.06,2541.61631,35.24401767771583,
2024-08-15 21:00:00,56671.06,57632.34,56606.12,57622.21,1722.38505,46.19445322623787,
2024-08-15 22:00:00,57622.21,57885.0,57382.9,57617.36,1824.12623,43.01092255748758,
2024-08-15 23:00:00,57617.35,57824.46,57484.54,57541.06,951.61401,42.05594869607379,
2024-08-16 00:00:00,57541.05,57673.8,57355.0,57469.99,1048.25626,41.90066599225941,
2024-08-16 01:00:00,57469.99,57616.0,57098.62,57540.96,646.17641,38.404915299273306,
2024-08-16 02:00:00,57540.97,58517.47,57336.0,58199.99,1557.25516,44.82321468303861,Bearish Divergence
2024-08-16 03:00:00,58199.98,58237.31,57801.0,57890.0,894.93645,35.6931580355605,
2024-08-16 04:00:00,57890.0,58313.16,57800.47,58309.99,894.61517,40.53036657639489,
2024-08-16 05:00:00,58310.0,58350.45,58122.95,58196.01,402.70872,36.9326660936421,
2024-08-16 06:00:00,58196.01,58666.77,58059.73,58527.59,1113.53338,41.401939460776745,
2024-08-16 07:00:00,58528.7,58562.97,58325.1,58456.99,833.49962,46.04328529113946,
2024-08-16 08:00:00,58456.99,58600.0,58327.99,58360.0,495.81746,55.56362573259698,Bullish Divergence
2024-08-16 09:00:00,58360.01,58683.47,58258.52,58672.51,789.20778,71.02040921920323,Bullish Divergence
2024-08-16 10:00:00,58672.51,58672.76,58300.0,58433.95,502.53949,73.6466384266426,Overbought
2024-08-16 11:00:00,58433.95,58625.56,58218.71,58400.0,663.19096,63.83785764863709,Bullish Divergence
2024-08-16 12:00:00,58400.0,58509.95,57526.31,57868.13,1989.47459,53.756977758068395,
2024-08-16 13:00:00,57868.8,58915.18,57750.0,58343.66,3043.10126,60.739652413143524,
2024-08-16 14:00:00,58343.65,58472.87,57861.99,58018.86,2012.59046,56.877466888869435,
2024-08-16 15:00:00,58018.85,58223.04,57647.05,58071.06,1203.27113,56.67366639977036,
2024-08-16 16:00:00,58071.07,58728.39,58000.0,58563.18,1350.36722,54.77295008502711,Bearish Divergence
2024-08-16 17:00:00,58563.18,59360.23,58385.13,59215.85,1703.01485,65.98430322977322,Bearish Divergence
2024-08-16 18:00:00,59215.85,59570.01,59081.42,59467.0,2045.24539,64.54074515333632,
2024-08-16 19:00:00,59467.01,59817.76,59410.25,59683.39,1865.31626,68.22358683826191,Bearish Divergence
2024-08-16 20:00:00,59683.39,59715.69,59184.72,59257.06,936.40681,58.7347659178048,
2024-08-16 21:00:00,59256.89,59314.91,58950.0,59023.98,560.59915,56.53492848333972,
2024-08-16 22:00:00,59023.97,59178.21,58966.55,58966.56,422.90519,57.055353163137546,
2024-08-16 23:00:00,58966.56,59047.21,58703.99,58874.6,636.81427,52.47778952092059,Bullish Divergence
2024-08-17 00:00:00,58874.59,59259.9,58785.05,59187.25,629.17488,59.07126961648508,
2024-08-17 01:00:00,59187.26,59389.18,59120.08,59248.49,520.90864,60.150834687192635,
2024-08-17 02:00:00,59248.5,59339.72,59110.79,59146.36,300.25744,67.04456658852648,
2024-08-17 03:00:00,59146.36,59178.0,59000.0,59158.37,319.61718,62.39611703665381,Bullish Divergence
2024-08-17 04:00:00,59158.36,59263.47,59083.9,59216.74,332.94374,69.83428927185301,Bearish Divergence
2024-08-17 05:00:00,59216.74,59247.03,59150.18,59163.17,231.1869,68.07476771628785,
2024-08-17 06:00:00,59163.16,59220.2,59141.96,59158.18,194.9654,61.740516819523634,
2024-08-17 07:00:00,59158.18,59261.21,59051.98,59248.0,347.74849,50.815530335699215,
2024-08-17 08:00:00,59248.0,59287.85,59163.16,59279.08,292.68992,44.63404605263161,Bearish Divergence
2024-08-17 09:00:00,59279.09,59477.16,59223.17,59326.34,441.96549,38.71459185415082,Bearish Divergence
2024-08-17 10:00:00,59326.35,59346.33,59083.58,59106.4,332.297,44.52352564848209,Bearish Divergence
2024-08-17 11:00:00,59106.41,59189.43,59060.0,59137.12,260.05895,54.822019161921666,Bullish Divergence
2024-08-17 12:00:00,59137.12,59267.79,59100.28,59230.07,216.65392,60.900644499416984,
2024-08-17 13:00:00,59230.07,59442.89,59190.0,59324.28,459.60377,68.5673939253806,
2024-08-17 14:00:00,59324.29,59571.99,59254.11,59535.37,355.43806,65.68984477816474,
2024-08-17 15:00:00,59535.37,59654.9,59363.64,59388.11,459.16837,55.83988623055062,Bearish Divergence
2024-08-17 16:00:00,59388.11,59700.0,59388.11,59610.1,355.94605,67.62921399571196,
2024-08-17 17:00:00,59610.09,59669.95,59428.57,59428.57,381.31489,59.098991096324035,
2024-08-17 18:00:00,59428.57,59471.18,59294.31,59417.67,245.57509,56.98979343356693,
2024-08-17 19:00:00,59417.68,59541.93,59385.71,59473.19,174.17452,60.77011797729407,
2024-08-17 20:00:00,59473.19,59500.0,59330.0,59397.12,179.64912,57.91013943880195,
2024-08-17 21:00:00,59397.13,59429.79,59113.68,59303.8,293.07022,51.842995296728944,
2024-08-17 22:00:00,59303.8,59348.38,59246.43,59314.19,164.32824,51.17570237417542,
2024-08-17 23:00:00,59314.19,59492.0,59300.95,59491.99,232.99303,55.10103529614649,Bearish Divergence
2024-08-18 00:00:00,59491.99,59747.77,59424.16,59678.93,421.67863,67.99627834461768,
2024-08-18 01:00:00,59678.93,59690.99,59410.21,59435.95,230.1719,58.28725144901394,
2024-08-18 02:00:00,59435.95,60259.01,59393.1,60126.0,1194.84789,68.66481948292736,
2024-08-18 03:00:00,60125.99,60254.77,59300.0,59337.42,1003.95868,50.21231765565113,
2024-08-18 04:00:00,59337.41,59499.99,59256.56,59456.0,496.05122,48.67800833469354,
2024-08-18 05:00:00,59456.0,59698.0,59406.02,59490.0,429.44826,51.76362660758484,Bearish Divergence
2024-08-18 06:00:00,59490.0,59623.97,59480.0,59595.99,227.12593,49.745550285827626,
2024-08-18 07:00:00,59596.0,59678.4,59516.0,59573.39,368.75995,52.770380913028156,Bearish Divergence
2024-08-18 08:00:00,59573.39,59717.89,59436.0,59706.02,341.48521,55.270613610192065,Bullish Divergence
2024-08-18 09:00:00,59706.01,60125.99,59651.68,59880.0,625.30681,57.127239471461905,
2024-08-18 10:00:00,59880.01,60200.0,59826.31,59870.73,1134.85926,58.49643537571177,
2024-08-18 11:00:00,59870.72,60033.34,59759.04,60024.01,455.2164,62.64826646341677,Bullish Divergence
2024-08-18 12:00:00,60024.0,60284.99,59892.98,59969.55,792.74575,61.33393747794989,
2024-08-18 13:00:00,59969.56,60227.71,59826.31,59828.0,516.38036,55.88481517676691,
2024-08-18 14:00:00,59828.01,59971.14,59669.85,59806.01,645.58452,52.36213447140088,
2024-08-18 15:00:00,59806.0,59931.51,59700.67,59863.99,274.37716,58.543917219574155,
2024-08-18 16:00:00,59863.99,59945.83,59766.3,59840.45,242.12455,42.23386258927444,
2024-08-18 17:00:00,59840.45,59858.05,59377.14,59527.58,647.11206,56.97722202653536,
2024-08-18 18:00:00,59527.58,59623.97,59468.19,59602.17,286.59077,55.54207457174707,Bullish Divergence
2024-08-18 19:00:00,59602.18,59756.0,59511.79,59708.38,235.22316,57.85008699153092,Bearish Divergence
2024-08-18 20:00:00,59708.38,59869.77,59682.63,59814.53,270.88956,57.85493494356996,
2024-08-18 21:00:00,59814.53,59814.53,59311.14,59439.33,464.86074,46.15587543728856,
2024-08-18 22:00:00,59439.33,59577.88,59350.0,59350.0,315.50332,39.53128675605741,
2024-08-18 23:00:00,59350.0,59407.61,58408.92,58427.35,2014.55508,20.342824010746725,Oversold
2024-08-19 00:00:00,58427.35,58710.0,58210.03,58346.03,2258.26711,19.76145522624843,Oversold
2024-08-19 01:00:00,58346.03,58630.0,58216.33,58564.0,1674.85658,21.76880745298365,Oversold
2024-08-19 02:00:00,58564.0,58748.0,58427.07,58670.51,571.95643,25.377010152168722,Oversold
2024-08-19 03:00:00,58670.51,58763.83,58561.87,58736.85,481.87935,28.710514506467774,Oversold
2024-08-19 04:00:00,58736.85,58746.0,58450.0,58582.0,446.59763,27.295391224666062,Oversold
2024-08-19 05:00:00,58581.99,58612.0,58359.5,58475.18,597.592,24.69692276859726,Oversold
2024-08-19 06:00:00,58475.19,58660.84,58388.85,58570.0,470.2875,27.439329741478787,Oversold
2024-08-19 07:00:00,58570.0,58745.82,58500.0,58502.19,563.1549,30.05520176458913,Bullish Crossover
2024-08-19 08:00:00,58502.19,58660.85,58403.16,58608.27,555.99622,30.90167021513713,Bullish Divergence
2024-08-19 09:00:00,58608.28,58671.38,57965.6,58006.59,1680.68671,22.529886716189907,Oversold
2024-08-19 10:00:00,58006.6,58199.28,57787.3,58046.01,1538.43823,20.824204830407822,Oversold
2024-08-19 11:00:00,58046.01,58520.21,57984.18,58396.95,968.93626,32.664790756151476,Bearish Divergence
2024-08-19 12:00:00,58396.94,58520.13,58264.0,58412.0,536.51605,34.005511107473396,
2024-08-19 13:00:00,58412.01,58970.0,58029.77,58199.99,2044.11579,44.88301329660336,
2024-08-19 14:00:00,58200.0,58633.34,58075.49,58617.42,1293.04771,55.30529023782807,Bullish Divergence
2024-08-19 15:00:00,58617.42,58777.0,58510.01,58539.24,754.64022,49.48799391217313,
2024-08-19 16:00:00,58539.25,58716.11,58380.0,58705.99,651.87865,50.71584792065137,
2024-08-19 17:00:00,58706.0,59290.0,58555.92,59021.61,1384.41843,55.22024154341406,
2024-08-19 18:00:00,59021.61,59235.93,58732.0,59011.99,654.64785,58.32594308020582,
2024-08-19 19:00:00,59012.0,59130.83,58873.87,58967.53,478.5332,59.769353180918024,Bullish Divergence
2024-08-19 20:00:00,58967.54,59342.11,58914.0,59080.01,682.11094,60.049339318155866,Bullish Divergence
2024-08-19 21:00:00,59080.02,59242.74,58967.53,58967.54,596.8178,59.01076218248845,
2024-08-19 22:00:00,58967.54,59280.01,58967.54,59241.0,549.13208,61.505980935200775,
2024-08-19 23:00:00,59240.99,59617.63,59089.95,59438.5,1374.80487,80.52605323634864,Overbought
2024-08-20 00:00:00,59438.5,60643.51,59363.31,60482.78,3181.00267,86.3669875382433,Overbought
2024-08-20 01:00:00,60482.77,60910.55,60378.02,60446.03,1770.45828,83.74570990033124,Overbought
2024-08-20 02:00:00,60446.04,60552.64,60336.97,60528.83,792.76049,84.10050872959351,Overbought
2024-08-20 03:00:00,60528.84,60619.19,60422.37,60619.18,648.12493,90.56117230856924,Overbought
2024-08-20 04:00:00,60619.19,61000.0,60576.06,60865.61,1772.25079,89.98701598989729,Overbought
2024-08-20 05:00:00,60865.61,61400.0,60860.01,61119.99,1810.14308,93.19463738765118,Bearish Divergence
2024-08-20 06:00:00,61120.0,61144.02,60938.0,60960.84,799.15334,87.83622787146561,Overbought
2024-08-20 07:00:00,60960.84,61020.74,60799.81,60924.33,894.38912,85.22720540316372,Overbought
2024-08-20 08:00:00,60924.33,60947.4,60679.36,60765.13,998.77224,80.75446807614848,Overbought
2024-08-20 09:00:00,60765.14,60975.0,60752.3,60856.04,630.87196,82.59794867900034,Overbought
2024-08-20 10:00:00,60856.04,60878.01,60668.3,60716.01,492.5745,77.97327150487992,Overbought
2024-08-20 11:00:00,60716.01,60734.91,60401.9,60518.82,1086.5587,75.77784867760735,Overbought
2024-08-20 12:00:00,60518.83,60752.25,60502.83,60693.71,825.73743,74.95747963317375,Overbought
2024-08-20 13:00:00,60693.72,60955.99,60324.33,60891.99,1511.42527,74.96418940968341,Bearish Divergence
2024-08-20 14:00:00,60892.0,60904.0,59446.03,59461.8,4267.15555,34.51681194761399,Bearish Crossover
2024-08-20 15:00:00,59461.81,59483.52,58680.01,58825.53,3840.52655,29.206124344938388,Oversold
2024-08-20 16:00:00,58825.53,59046.76,58548.23,58801.15,1468.04254,27.493382245659348,Oversold
2024-08-20 17:00:00,58801.15,59059.84,58681.4,59039.48,599.95694,30.18509134149832,Bullish Crossover
2024-08-20 18:00:00,59039.47,59479.8,59000.0,59191.45,1065.47526,28.49052337293911,Oversold
2024-08-20 19:00:00,59191.45,59597.28,59137.78,59511.99,544.56764,29.685889272936734,Bearish Divergence
2024-08-20 20:00:00,59512.0,59722.72,59285.71,59317.57,724.21595,29.423682292749263,Oversold
2024-08-20 21:00:00,59317.58,59331.01,58802.35,59296.94,901.43638,29.5411630707804,Oversold
2024-08-20 22:00:00,59296.94,59545.51,59238.08,59368.0,461.98957,32.037828900848254,Bullish Divergence
2024-08-20 23:00:00,59368.0,59402.64,58992.81,59013.8,389.8563,27.817059132352938,Oversold
2024-08-21 00:00:00,59013.8,59279.96,58954.99,58989.0,612.37826,28.611025104343312,Oversold
2024-08-21 01:00:00,58989.0,59281.58,58783.47,59281.58,659.71496,35.03051392122033,Bullish Divergence
2024-08-21 02:00:00,59281.57,59519.99,59253.12,59363.32,648.06025,33.532290766675104,
2024-08-21 03:00:00,59363.32,59419.49,59209.87,59320.0,444.35025,29.765499700084646,Bearish Divergence
2024-08-21 04:00:00,59320.0,59406.21,59183.13,59358.0,296.07758,47.91753603184278,Bullish Crossover
2024-08-21 05:00:00,59357.99,59404.97,59292.64,59379.99,373.88885,64.76229525655509,
2024-08-21 06:00:00,59379.99,59739.52,59364.1,59627.32,813.29793,69.66219400164697,
2024-08-21 07:00:00,59627.32,59735.99,59580.0,59712.0,533.99979,67.2683668333967,
2024-08-21 08:00:00,59711.99,59924.13,59231.33,59443.0,1071.73137,56.09289392478779,Bearish Divergence
2024-08-21 09:00:00,59443.0,59508.0,59085.88,59290.51,979.21548,44.16002193815137,
2024-08-21 10:00:00,59290.51,59484.4,59210.48,59468.4,481.17914,54.012055051045174,
2024-08-21 11:00:00,59468.4,59509.34,59254.47,59361.14,399.0749,51.632474546619534,
2024-08-21 12:00:00,59361.14,59600.0,59265.77,59506.9,711.51803,53.40267706659354,
2024-08-21 13:00:00,59506.9,60100.0,58850.0,59928.0,2610.70655,71.68467793200936,Overbought
2024-08-21 14:00:00,59928.01,60201.98,59193.66,59410.41,3616.50419,58.101763735566635,Bearish Crossover
2024-08-21 15:00:00,59410.41,59782.97,59300.99,59511.8,1069.51671,54.77726038994999,
2024-08-21 16:00:00,59511.79,59947.36,59375.0,59885.58,1038.66262,59.66582518378141,Bearish Divergence
2024-08-21 17:00:00,59885.58,60046.0,59708.04,59928.42,703.95841,61.262448632038804,
2024-08-21 18:00:00,59928.42,60831.9,59843.23,60771.28,1989.87165,70.15539253157483,Overbought
2024-08-21 19:00:00,60771.28,61625.2,60588.64,61570.0,3404.80333,75.56815926438762,Overbought
2024-08-21 20:00:00,61570.0,61820.93,60902.13,61236.0,2736.96402,68.40864565977628,Bearish Crossover
2024-08-21 21:00:00,61236.0,61499.93,60928.0,61235.97,1109.71897,67.783817341197,
2024-08-21 22:00:00,61235.97,61500.0,61173.51,61176.47,624.24182,71.26847450806221,Overbought
2024-08-21 23:00:00,61176.47,61300.01,61002.17,61156.03,1054.20714,73.6551395327605,Bullish Divergence
2024-08-22 00:00:00,61156.03,61229.0,60811.07,60818.15,697.77129,66.44772918367599,Bullish Divergence
2024-08-22 01:00:00,60818.15,60995.96,60724.79,60970.0,664.60511,69.39441720069249,
2024-08-22 02:00:00,60970.0,60970.01,59724.87,60186.48,1774.35461,57.10040748093202,
2024-08-22 03:00:00,60186.49,60624.0,60074.0,60548.9,972.81011,56.56784053549748,
2024-08-22 04:00:00,60548.9,60850.0,60459.98,60834.52,853.58077,65.84157424608162,Bearish Divergence
2024-08-22 05:00:00,60834.53,60834.53,60602.45,60724.0,507.77932,63.45698693155833,
2024-08-22 06:00:00,60724.01,60944.53,60682.41,60762.91,554.46896,60.52179002233096,
2024-08-22 07:00:00,60762.92,61114.23,60708.69,60984.31,761.04674,62.14317093983677,Bearish Divergence
2024-08-22 08:00:00,60984.31,61112.0,60859.79,60926.81,740.93955,52.18299361930881,
2024-08-22 09:00:00,60926.81,60976.32,60802.38,60887.98,541.86058,37.83158841287169,
2024-08-22 10:00:00,60887.99,61400.0,60827.12,61350.01,807.95803,51.94526437919096,
